Id,Name,Pit,Region,Xloc,Yloc,Zloc,UnitId,Signid,Signpost,Shoptype,Radius,Gpstype
1974822,5580_LAVA,TDU,LAVA,716074,7348164,558,251,10002,1,229,0,319
1976520,6000_LAVA,TDU,LAVA,716203,7351312,6000,251,1,1,229,10,320
1978218,ADMIN-STH,BLACKWATER,MAIN,690798,7369179,292,257,65535,1,229,0,319
1979916,ADMIN-WST,BLACKWATER,MAIN,690771,7369665,280,257,65535,0,229,0,319
1981614,AUX_TEARDOWN_PAD,TDU,DELTA4,718360,7359496,5330,251,10034,1,229,0,319
1983312,BAR,BLACKWATER,MAIN,687550,7357002,355,257,65535,0,229,0,319
1985010,BAR1,BLACKWATER,MAIN,685900,7354599,320,257,65535,0,229,0,319
1986708,BEACONOLDPRO,BLACKWATER,COAL,682739,7374432,-1500,251,10057,1,229,0,319
1988406,BLACKWATER,NULL,NULL,676000,7337000,-1500,258,65535,0,229,0,319
1990104,BRAKETEST-PAD,BLACKWATER,COAL,690434,7369292,281,256,65535,1,229,0,319
1991802,CHPP-ACCESS,BLACKWATER,MAIN,682842,7374112,290,257,65535,0,229,0,319
1993500,CHPP-ACCESS1,BLACKWATER,MAIN,682458,7374146,290,257,65535,0,229,0,319
1995198,CHPP-GOLINE,BLACKWATER,COAL,683091,7373901,294,256,10008,1,229,0,319
1996896,CHPP-LVACCESS,BLACKWATER,MAIN,682879,7373661,290,257,65535,0,229,0,319
1998594,CHPP-RD,BLACKWATER,COAL,683235,7373410,290,257,44,0,229,50,321
2000292,COAL,BLACKWATER,NULL,676000,7337000,-1500,259,65535,0,229,0,319
2001990,CP-B_1,TDU,DROID,714725,7351658,5655,257,45,0,229,75,321
2003688,CP-B_16,TDU,LAVA,714723,7349554,5720,257,65535,0,229,0,319
2005386,CP-B_17,TDU,LAVA,715263,7349431,5770,257,65535,0,229,0,319
2007084,CP-B_18,TDU,LAVA,715689,7349451,5810,257,65535,0,229,0,319
2008782,CP-B_19,TDU,LAVA,715827,7349637,5830,257,65535,0,229,0,319
2010480,CP-B_2,TDU,DROID,714750,7351167,5660,257,65535,0,229,0,319
2012178,CP-B_20,TDU,LAVA,715475,7350436,5905,257,65535,0,229,0,319
2013876,CP-B_21,TDU,LAVA,715571,7350791,5925,257,65535,0,229,0,319
2015574,CP-B_22,TDU,LAVA,715730,7351058,5943,257,65535,0,229,0,319
2017272,CP-B_23,TDU,LAVA,716144,7351467,5980,257,65535,0,229,0,319
2018970,CP-B_24,TDU,LAVA,716304,7351534,5999,257,65535,0,229,0,319
2020668,CP-B_3,TDU,LAVA,714638,7350778,5670,257,46,0,229,120,321
2022366,CP-B_4,TDU,LAVA,714478,7350129,5690,257,65535,0,229,0,319
2024064,CP-B_5,TDU,LAVA,714516,7349662,5710,257,65535,0,229,0,319
2025762,CP-B_6,TDU,LAVA,714562,7349113,5680,257,47,0,229,120,321
2027460,CP-B_7,TDU,LAVA,714981,7349029,5640,257,65535,0,229,0,319
2029158,CP-B_8,TDU,LAVA,715291,7349153,5610,257,65535,0,229,0,319
2030856,CP-B_9,TDU,LAVA,715602,7349047,5580,257,65535,0,229,0,319
2032554,CP-L20,TDU,LILYPAD,726132,7366274,4930,257,65535,0,229,0,319
2034252,CP-L23,TDU,LILYPAD,724994,7366666,5000,257,65535,0,229,0,319
2035950,CP-L24,TDU,LILYPAD,725871,7365481,4950,257,48,0,229,100,321
2037648,CP-L26,TDU,LILYPAD,725294,7365175,4973,257,65535,0,229,0,319
2039346,CP-L27,TDU,LILYPAD,724155,7366645,5000,257,65535,0,229,0,319
2041044,CP-L28,TDU,LILYPAD,723961,7364502,5008,257,65535,0,229,0,319
2042742,CP-L61,TDU,LILYPAD,723930,7367651,5020,257,65535,0,229,0,319
2044440,CP-L62,TDU,LILYPAD,723896,7366877,5020,257,65535,0,229,0,319
2046138,CP-L_1,TDU,LILYPAD,719670,7360090,5310,257,65535,0,229,0,319
2047836,CP-L_10,TDU,LILYPAD,723281,7363222,5070,257,49,0,229,120,321
2049534,CP-L_12,TDU,LILYPAD,723400,7363910,5040,257,65535,0,229,0,319
2051232,CP-L_13,TDU,LILYPAD,723569,7364268,5025,257,65535,0,229,0,319
2052930,CP-L_21,TDU,LILYPAD,722733,7364226,5035,257,65535,0,229,0,319
2054628,CP-L_22,TDU,LILYPAD,722058,7364670,5030,257,65535,0,229,0,319
2056326,CP-L_23,TDU,LILYPAD,721774,7365041,5025,257,65535,0,229,0,319
2058024,CP-L_24,TDU,LILYPAD,721603,7365502,5020,257,50,0,229,120,321
2059722,CP-L_25,TDU,LILYPAD,721140,7365855,5025,257,65535,0,229,0,319
2061420,CP-L_26,TDU,LILYPAD,720657,7366055,5015,257,65535,0,229,0,319
2063118,CP-L_27,TDU,LILYPAD,720011,7366232,5020,257,65535,0,229,0,319
2064816,CP-L_28,TDU,LILYPAD,719460,7366461,5020,257,65535,0,229,0,319
2066514,CP-L_29,TDU,LILYPAD,719128,7366985,5015,257,65535,0,229,0,319
2068212,CP-L_3,TDU,LILYPAD,720571,7360551,5260,257,65535,0,229,0,319
2069910,CP-L_30,TDU,LILYPAD,719232,7367589,5005,257,65535,0,229,0,319
2071608,CP-L_31,TDU,LILYPAD,719264,7367983,5000,257,65535,0,229,0,319
2073306,CP-L_34,TDU,LILYPAD,719098,7368495,5000,257,65535,0,229,0,319
2075004,CP-L_35,TDU,LILYPAD,718737,7368810,5000,257,65535,0,229,0,319
2076702,CP-L_36,TDU,LILYPAD,719860,7368296,5005,257,65535,0,229,0,319
2078400,CP-L_37,TDU,LILYPAD,720469,7368363,5055,257,65535,0,229,0,319
2080098,CP-L_38,TDU,LILYPAD,720991,7368538,5085,257,65535,0,229,0,319
2081796,CP-L_39,TDU,LILYPAD,723305,7364239,5045,257,65535,0,229,0,319
2083494,CP-L_40,TDU,LILYPAD,722743,7365118,5150,257,51,0,229,100,321
2085192,CP-L_41,TDU,LILYPAD,722851,7365553,5150,257,65535,0,229,0,319
2086890,CP-L_42,TDU,LILYPAD,723012,7366360,5150,257,65535,0,229,0,319
2088588,CP-L_43,TDU,LILYPAD,719459,7368008,5005,257,65535,0,229,0,319
2090286,CP-L_44,TDU,LILYPAD,722501,7366669,5120,257,65535,0,229,0,319
2091984,CP-L_45,TDU,LILYPAD,722616,7366891,5115,257,65535,0,229,0,319
2093682,CP-L_46,TDU,LILYPAD,722702,7367142,5090,257,65535,0,229,0,319
2095380,CP-L_47,TDU,LILYPAD,722070,7366155,5065,257,65535,0,229,0,319
2097078,CP-L_48,TDU,LILYPAD,719640,7367626,5045,257,65535,0,229,0,319
2098776,CP-L_49,TDU,LILYPAD,719655,7367501,5050,257,65535,0,229,0,319
2100474,CP-L_5,TDU,LILYPAD,721523,7361056,5210,257,52,0,229,120,321
2102172,CP-L_50,TDU,LILYPAD,719734,7366944,5105,257,65535,0,229,0,319
2103870,CP-L_51,TDU,LILYPAD,722977,7367225,5090,257,65535,0,229,0,319
2105568,CP-L_52,TDU,LILYPAD,723412,7364235,5045,257,65535,0,229,0,319
2107266,CP-L_53,TDU,LILYPAD,723536,7364565,5035,257,65535,0,229,0,319
2108964,CP-L_54,TDU,LILYPAD,723571,7365048,5020,257,65535,0,229,0,319
2110662,CP-L_55,TDU,LILYPAD,722715,7367568,5090,257,65535,0,229,0,319
2112360,CP-L_56,TDU,LILYPAD,722008,7367284,5115,257,53,0,229,120,321
2114058,CP-L_57,TDU,LILYPAD,723700,7365568,5000,257,65535,0,229,0,319
2115756,CP-L_58,TDU,LILYPAD,724400,7364720,4990,257,54,0,229,100,321
2117454,CP-L_59,TDU,LILYPAD,723811,7366016,5020,257,65535,0,229,0,319
2119152,CP-L_6,TDU,LILYPAD,722054,7361427,5180,257,65535,0,229,0,319
2120850,CP-L_60,TDU,LILYPAD,724837,7364959,4980,257,65535,0,229,0,319
2122548,CP-L_8,TDU,LILYPAD,722915,7362069,5130,257,65535,0,229,0,319
2124246,CP-L_9,TDU,LILYPAD,723240,7362577,5100,257,65535,0,229,0,319
2125944,CP-M_1,TDU,DROID,719302,7360017,5330,257,65535,0,229,0,319
2127642,CP-M_2,TDU,DROID,719477,7360222,5330,257,65535,0,229,0,319
2129340,CP-M_3,TDU,DROID,719646,7360415,5330,257,65535,0,229,0,319
2131038,CP-M_4,TDU,DROID,719814,7360618,5330,257,65535,0,229,0,319
2132736,CP-M_5,TDU,DROID,719982,7360821,5330,257,65535,0,229,0,319
2134434,CP-R_1,TDU,FIREPIT,718336,7368666,4993,257,65535,0,229,0,319
2136132,CP-R_10,TDU,FIREPIT,716638,7364578,4790,257,55,0,229,100,321
2137830,CP-R_11,TDU,FIREPIT,716678,7364312,4770,257,65535,0,229,0,319
2139528,CP-R_19,TDU,FIREPIT,717076,7367269,5010,257,65535,0,229,0,319
2141226,CP-R_2,TDU,FIREPIT,717987,7368576,4990,257,56,0,229,150,321
2142924,CP-R_20,TDU,FIREPIT,717285,7367833,5070,257,65535,0,229,0,319
2144622,CP-R_21,BLACKWATER,MAIN,701673,7361294,1402,257,57,0,227,100,321
2146320,CP-R_22,TDU,FIREPIT,717634,7368770,5170,257,65535,0,229,0,319
2148018,CP-R_23,TDU,FIREPIT,717106,7364283,4720,257,58,0,229,100,321
2149716,CP-R_24,TDU,FIREPIT,717746,7369170,5210,257,65535,0,229,0,319
2151414,CP-R_25,TDU,FIREPIT,717419,7364355,4690,257,65535,0,229,0,319
2153112,CP-R_26,TDU,FIREPIT,717336,7364581,4660,257,65535,0,229,0,319
2154810,CP-R_27,TDU,FIREPIT,717353,7366649,4980,257,65535,0,229,0,319
2156508,CP-R_3,TDU,FIREPIT,717872,7368287,4990,257,65535,0,229,0,319
2158206,CP-R_4,TDU,FIREPIT,717468,7367722,5000,257,65535,0,229,0,319
2159904,CP-R_5,TDU,FIREPIT,717068,7367031,5000,257,59,0,229,150,321
2161602,CP-R_6,TDU,FIREPIT,716965,7366706,4985,257,65535,0,229,0,319
2163300,CP-R_7,TDU,FIREPIT,716857,7366484,4980,257,65535,0,229,0,319
2164998,CP-R_8,TDU,FIREPIT,716733,7365792,4910,257,60,0,229,100,321
2166696,CP-RR_9,TDU,FIREPIT,716664,7365186,4850,257,65535,0,229,0,319
2168394,CP-S10,TDU,MAINTENANCE,723102,7371573,4810,257,65535,0,229,0,319
2170092,CP-S11,TDU,MAINTENANCE,723130,7371649,4805,257,65535,0,229,0,319
2171790,CP-S12,TDU,MAINTENANCE,723220,7371769,4800,257,65535,0,229,0,319
2173488,CP-S13,TDU,MAINTENANCE,723361,7371910,4795,257,65535,0,229,0,319
2175186,CP-S15,TDU,MAINTENANCE,723504,7372015,4785,257,65535,0,229,0,319
2176884,CP-S16,TDU,MAINTENANCE,723618,7372091,4780,257,65535,0,229,0,319
2178582,CP-S17,TDU,MAINTENANCE,724191,7371214,4790,257,65535,0,229,0,319
2180280,CP-S19,TDU,MAINTENANCE,722937,7371277,4815,257,65535,0,229,0,319
2181978,CP-S2,TDU,MAINTENANCE,726097,7367425,4890,257,61,0,229,100,321
2183676,CP-S2.5,TDU,MAINTENANCE,725747,7367882,4885,257,65535,0,229,0,319
2185374,CP-S20,TDU,MAINTENANCE,721116,7370641,4865,257,65535,0,229,0,319
2187072,CP-S21,TDU,MAINTENANCE,720919,7370935,4880,257,65535,0,229,0,319
2188770,CP-S22,TDU,MAINTENANCE,720470,7371389,4880,257,65535,0,229,0,319
2190468,CP-S23,TDU,MAINTENANCE,719311,7371551,4865,257,65535,0,229,0,319
2192166,CP-S24,TDU,MAINTENANCE,718857,7370437,4860,257,65535,0,229,0,319
2193864,CP-S25,TDU,MAINTENANCE,718709,7369708,4930,257,65535,0,229,0,319
2195562,CP-S26,TDU,MAINTENANCE,718567,7369395,4935,257,65535,0,229,0,319
2197260,CP-S27,TDU,MAINTENANCE,718315,7369026,4960,257,65535,0,229,0,319
2198958,CP-S3,TDU,MAINTENANCE,724888,7368609,4870,257,62,0,229,100,321
2200656,CP-S35,TDU,MAINTENANCE,724172,7370863,4810,257,63,0,229,100,321
2202354,CP-S36,TDU,MAINTENANCE,718843,7369532,4930,257,65535,0,229,0,319
2204052,CP-S38,TDU,MAINTENANCE,720409,7368812,4930,257,65535,0,229,0,319
2205750,CP-S4,TDU,MAINTENANCE,724313,7369799,4810,257,64,0,229,100,321
2207448,CP-S5,TDU,MAINTENANCE,724116,7370939,4810,257,65535,0,229,0,319
2209146,CP-S6,TDU,MAINTENANCE,723895,7371169,4815,257,65535,0,229,0,319
2210844,CP-S7,TDU,MAINTENANCE,723804,7371246,4815,257,65535,0,229,0,319
2212542,CP-S8,TDU,MAINTENANCE,723460,7371286,4815,257,65535,0,229,0,319
2214240,CP-S9,TDU,MAINTENANCE,723251,7371260,4815,257,65535,0,229,0,319
2215938,CP-SP6,TDU,MAINTENANCE,724268,7370252,4810,257,65535,0,229,0,319
2217636,CP-T-30,TDU,DROID,714700,7352355,5640,257,65535,0,229,0,319
2219334,CP-T-36,TDU,DROID,714715,7352026,5650,257,65535,0,229,0,319
2221032,CP-T-37,TDU,DROID,715210,7351967,5647,257,65,0,229,75,323
2222730,CP-T2_1,TDU,DROID,717674,7357493,5410,257,65535,0,229,0,319
2224428,CP-T2_10,TDU,DROID,717902,7356953,5580,257,66,0,229,120,321
2226126,CP-T2_11,TDU,DROID,717326,7354167,5860,257,65535,0,229,0,319
2227824,CP-T2_12,TDU,DROID,717220,7353725,5910,257,65535,0,229,0,319
2229522,CP-T2_13,TDU,DROID,717249,7353015,5980,257,67,0,229,120,321
2231220,CP-T2_14,TDU,DROID,716846,7352253,6060,257,68,1,229,50,321
2232918,CP-T2_15,TDU,DROID,716692,7351836,6060,257,65535,0,229,0,319
2234616,CP-T2_16,TDU,DROID,716546,7351622,6030,257,65535,0,229,0,319
2236314,CP-T2_2,TDU,DROID,718250,7357893,5490,257,65535,0,229,0,319
2238012,CP-T2_3,TDU,DROID,718179,7357590,5510,257,65535,0,229,0,319
2239710,CP-T2_4,TDU,DROID,717728,7356343,5640,257,65535,0,229,0,319
2241408,CP-T2_5,TDU,DROID,717643,7356094,5660,257,65535,0,229,0,319
2243106,CP-T2_6,TDU,DROID,717118,7355367,5750,257,69,0,229,120,321
2244804,CP-T2_7,TDU,DROID,717146,7355041,5790,257,65535,0,229,0,319
2246502,CP-T2_8,TDU,DROID,717341,7354724,5830,257,65535,0,229,0,319
2248200,CP-T2_9,TDU,DROID,717315,7354365,5860,257,65535,0,229,0,319
2249898,CP-T9,TDU,DROID,715602,7355314,5520,257,65535,0,229,0,319
2251596,CP-T_1,TDU,DROID,719201,7359749,5335,257,70,0,229,150,321
2253294,CP-T_10,TDU,DROID,716149,7356254,5480,257,65535,0,229,0,319
2254992,CP-T_11,TDU,DROID,715845,7356034,5480,257,65535,0,229,0,319
2256690,CP-T_12,TDU,DROID,715463,7355831,5440,257,71,0,229,120,321
2258388,CP-T_13,TDU,DROID,715216,7355776,5445,257,65535,4,229,0,319
2260086,CP-T_14,TDU,DROID,714973,7355508,5440,257,65535,0,229,0,319
2261784,CP-T_15,TDU,DROID,714609,7355121,5450,257,72,1,229,115,321
2263482,CP-T_16,TDU,DROID,714369,7354582,5480,257,65535,0,229,0,319
2265180,CP-T_17,TDU,DROID,714332,7354142,5510,257,65535,0,229,0,319
2266878,CP-T_18,TDU,DROID,714472,7353486,5560,257,73,0,229,120,321
2268576,CP-T_19,TDU,DROID,714598,7352934,5600,257,65535,0,229,0,319
2270274,CP-T_2,TDU,DROID,718705,7359394,5340,257,65535,0,229,0,319
2271972,CP-T_20,TDU,DROID,714460,7352416,5640,257,65535,0,229,0,319
2273670,CP-T_21,TDU,DROID,714319,7352311,5640,257,65535,0,229,0,319
2275368,CP-T_22,TDU,DROID,714175,7352264,5640,257,65535,0,229,0,319
2277066,CP-T_26,TDU,DROID,714431,7351881,5640,257,65535,0,229,0,319
2278764,CP-T_27,TDU,DROID,714562,7352058,5645,257,65535,0,229,0,319
2280462,CP-T_28,TDU,DROID,715252,7355917,5450,257,65535,4,229,0,319
2282160,CP-T_29,TDU,DROID,714750,7355583,5510,257,65535,0,229,0,319
2283858,CP-T_31,TDU,DROID,715181,7355369,5390,257,65535,0,229,0,319
2285556,CP-T_32,TDU,DROID,714929,7355013,5350,257,65535,1,229,0,319
2287254,CP-T_33,TDU,DROID,714695,7354547,5300,257,74,0,229,120,321
2288952,CP-T_35,TDU,DROID,714312,7355172,5570,257,75,1,229,120,321
2290650,CP-T_36,TDU,DROID,713978,7354387,5650,257,65535,0,229,0,319
2292348,CP-T_37,TDU,DROID,714798,7353889,5237,257,65535,0,229,0,319
2294046,CP-T_39,TDU,DROID,713962,7354155,5660,257,65535,0,229,0,319
2295744,CP-T_4,TDU,DROID,718316,7358977,5350,257,76,1,229,120,321
2297442,CP-T_41,TDU,DROID,714958,7353664,5210,257,65535,0,229,0,319
2299140,CP-T_42,TDU,DROID,715169,7353300,5170,257,65535,0,229,0,319
2300838,CP-T_5,TDU,DROID,717982,7358409,5360,257,65535,0,229,0,319
2302536,CP-T_6,TDU,DROID,717805,7358060,5380,257,65535,0,229,0,319
2304234,CP-T_7,TDU,DROID,717528,7357437,5400,257,77,0,229,120,321
2305932,CP-T_8,TDU,DROID,717197,7357092,5420,257,65535,0,229,0,319
2307630,CP-T_9,TDU,DROID,716522,7356568,5460,257,78,0,229,75,321
2309328,CP_M1,TDU,DELTA4,716546,7360510,5425,257,65535,0,229,0,319
2311026,CP_M10,TDU,DELTA4,716724,7358620,5337,257,65535,0,229,0,319
2312724,CP_M12,TDU,DELTA4,716048,7356484,5470,257,65535,0,229,0,319
2314422,CP_M13,TDU,DELTA4,715972,7357017,5420,257,65535,0,229,0,319
2316120,CP_M14,TDU,DELTA4,716556,7358961,5330,257,65535,0,229,0,319
2317818,CP_M15,TDU,DELTA4,717103,7359052,5330,257,65535,0,229,0,319
2319516,CP_M16,TDU,DELTA4,717795,7359185,5330,257,65535,0,229,0,319
2321214,CP_M2,BLACKWATER,COAL,716118,7360084,5380,257,65535,0,226,0,319
2322912,CP_M3,TDU,DELTA4,715997,7359411,5330,257,79,0,229,120,321
2324610,CP_M4,TDU,DELTA4,716003,7358992,5330,257,65535,0,229,0,319
2326308,CP_M5,TDU,DELTA4,715938,7358604,5340,257,80,0,229,120,321
2328006,CP_M6,TDU,DELTA4,715922,7358166,5350,257,65535,0,229,0,319
2329704,CP_M7,TDU,DELTA4,715930,7357521,5370,257,81,0,229,120,321
2331402,CP_M8,TDU,DELTA4,716735,7357987,5370,257,82,0,229,120,321
2333100,CP_M9,TDU,DELTA4,716179,7358576,5340,257,65535,0,229,0,319
2334798,CRIB-R16,BLACKWATER,PRESTRIP 3,685754,7384327,270,256,65535,1,229,0,319
2336496,CRIB-R20,BLACKWATER,PRESTRIP,684485,7377046,280,256,10046,1,229,0,319
2338194,CRIB-R32,BLACKWATER,COAL,683575,7374083,305,256,10052,1,229,0,319
2339892,CRIB-R32-AUX,BLACKWATER,COAL,683406,7374110,305,256,10051,1,229,0,319
2341590,CRIB-R36,BLACKWATER,PRESTRIP 2,684836,7372573,284,256,10029,1,229,0,319
2343288,CRIB-R44,BLACKWATER,PRESTRIP 2,688884,7370703,271,256,10064,1,229,50,319
2344986,CRIB-R46,BLACKWATER,PRESTRIP,689649,7369499,299,256,40,1,227,109,322
2346684,CRIB-R48,BLACKWATER,PRESTRIP,690520,7367942,320,256,65535,1,229,0,319
2348382,CRIB-R50,BLACKWATER,COAL,688728,7366672,312,256,10035,1,229,0,319
2350080,CRIB-R52,BLACKWATER,PRESTRIP,690908,7364488,260,256,10021,1,229,0,319
2351778,CRIB-R54,BLACKWATER,PRESTRIP 1,691452,7366664,320,256,10009,1,229,0,319
2353476,CRIB-R60,BLACKWATER,COAL,687305,7359027,340,256,10053,1,229,0,319
2355174,CRIB-TCP,BLACKWATER,COAL,682881,7379651,276,256,10028,1,229,0,319
2356872,CRIB-TCP-HR,BLACKWATER,COAL,682906,7379576,282,257,83,0,229,30,321
2358570,CRIB-TCP-HS,BLACKWATER,COAL,682960,7379739,277,257,65535,0,229,0,319
2360268,CRUSHER,TDU,DROID,713821,7355195,5581,252,17,1,229,125,322
2361966,CRUSHER_PAD,TDU,MAINTENANCE,723627,7371497,4815,251,10017,1,229,0,319
2363664,D1-5400-01,TDU,DELTA4,716340,7360157,5400,254,65535,0,229,0,319
2365362,D1-5425-01,TDU,DELTA4,716672,7360100,5425,254,65535,0,229,0,319
2367060,D1-5425-2,TDU,DELTA4,716915,7361012,5425,254,65535,0,229,0,319
2368758,DELTA4,TDU,DELTA4,0,0,0,259,65535,0,229,0,319
2370456,DELTA_INPIT,TDU,DELTA4,715799,7359008,5330,251,10059,1,229,0,319
2372154,DOWNLINE,TDU,MAINTENANCE,723346,7369860,4830,256,41,0,229,10,320
2373852,DOZER PUSH R16,BLACKWATER,MAIN,685193,7380665,265,257,10019,0,229,0,319
2375550,DOZER PUSH R38,BLACKWATER,MAIN,687236,7371284,247,257,10020,0,229,0,319
2377248,DR2-5170-1,TDU,DROID,715337,7353499,5170,254,65535,0,229,0,319
2378946,DR2-5170-2,TDU,DROID,715480,7353443,5170,254,65535,0,229,0,319
2380644,DR2-5200-1,TDU,DROID,715064,7353982,5200,254,65535,0,229,0,319
2382342,DR2-5200-2,TDU,DROID,715184,7353593,5200,254,65535,0,229,0,319
2384040,DR2-5830-1,TDU,DROID,717074,7353971,5832,254,65535,0,229,0,319
2385738,DRE15,BLACKWATER,MAIN,686570,7371808,200,257,10022,0,229,0,319
2387436,DRE25,BLACKWATER,MAIN,687844,7370980,250,257,10024,0,229,0,319
2389134,DRE26,BLACKWATER,MAIN,684617,7376023,243,257,10013,0,229,0,319
2390832,DRE38,BLACKWATER,MAIN,688745,7362048,365,257,10030,0,229,0,319
2392530,DRE39,BLACKWATER,MAIN,684671,7379675,205,257,10042,0,229,0,319
2394228,DRE40,BLACKWATER,MAIN,689838,7361754,245,257,10032,0,229,0,319
2395926,DRE41,BLACKWATER,MAIN,691259,7368062,277,257,10023,0,229,0,319
2397624,DROID,TDU,NULL,0,0,0,259,65535,0,229,0,319
2399322,DROIDSTOCK,TDU,DROID,718908,7360124,5330,253,18,1,229,50,322
2401020,DROID_2,TDU,DROID,716041,7355418,5460,251,10056,1,229,0,319
2402718,DROID_INPIT,TDU,DROID,714702,7353198,5230,251,2,1,229,10,320
2404416,DUMP01-R20S,BLACKWATER,PRESTRIP 3,684197,7378887,295,251,3,1,229,114,322
2406114,DUMP01-R38N,BLACKWATER,PRESTRIP 2,684797,7371825,318,251,65535,1,229,0,319
2407812,DUMP01-R42S,BLACKWATER,PRESTRIP 2,688033,7371454,252,251,65535,1,229,0,319
2409510,DUMP01-R46N,BLACKWATER,PRESTRIP 2,688859,7369767,278,251,4,1,229,50,320
2411208,DUMP03-R26N,BLACKWATER,PRESTRIP 3,683761,7378106,313,251,65535,1,229,0,319
2412906,DUMP03-R38N,BLACKWATER,PRESTRIP 2,685383,7371523,315,251,10026,1,229,0,320
2414604,DUMP03-R42N,BLACKWATER,PRESTRIP 2,687919,7370689,283,251,65535,1,229,0,319
2416302,DUMP03-R46N,BLACKWATER,PRESTRIP 2,688034,7369761,250,251,5,1,229,100,322
2418000,DUMP03-R48S,BLACKWATER,PRESTRIP 1,690621,7366828,341,251,10033,1,229,0,319
2419698,DUMP03-R52N,BLACKWATER,PRESTRIP 1,690199,7365483,363,251,6,1,229,100,320
2421396,DUMP05-R16N,BLACKWATER,PRESTRIP 3,684728,7382876,305,251,65535,1,229,0,319
2423094,DUMP05-R46N,BLACKWATER,PRESTRIP 2,688944,7369472,277,251,7,1,229,50,320
2424792,DUMP06-R46N,BLACKWATER,PRESTRIP 2,688700,7369973,263,251,8,1,229,50,320
2426490,DUMP06-R54N,BLACKWATER,PRESTRIP,690021,7364663,329,251,65535,1,229,0,319
2428188,DUMP07-R16N,BLACKWATER,PRESTRIP 3,684845,7382897,290,251,65535,1,229,0,319
2429886,DUMP07-R46N,BLACKWATER,PRESTRIP,688645,7369572,335,251,10018,1,229,0,319
2431584,DUMP08-R26N,BLACKWATER,PRESTRIP,683869,7378634,260,251,65535,1,229,0,319
2433282,DUMP08-R46N,BLACKWATER,PRESTRIP 2,688176,7369752,247,251,10,1,229,100,320
2434980,DUMP09-R16N,BLACKWATER,PRESTRIP 3,684712,7382462,300,251,65535,1,229,0,319
2436678,DUMP10-R16N,BLACKWATER,PRESTRIP 3,684851,7382408,300,251,65535,1,229,0,322
2438376,DUMP10-R26N,BLACKWATER,PRESTRIP 3,683465,7377245,320,251,11,5,229,160,320
2440074,DUMPW1-R12S,BLACKWATER,COAL,685643,7386252,247,251,65535,1,229,0,319
2441772,DUMPW1-R16S,BLACKWATER,MAIN,684248,7382041,300,251,12,1,229,84,320
2443470,DUMPW1-R20S,BLACKWATER,PRESTRIP 3,683874,7378514,277,251,65535,1,229,0,319
2445168,DUMPW1-R26S,BLACKWATER,COAL,683230,7376783,250,251,13,1,229,100,322
2446866,DUMPW1-R32S,BLACKWATER,COAL,683433,7373945,308,251,65535,1,229,0,319
2448564,DUMPW1-R42N,BLACKWATER,PRESTRIP 2,688065,7369688,225,251,65535,1,229,0,319
2450262,DUMPW1-R42S,BLACKWATER,COAL,687306,7370189,280,251,65535,5,229,0,319
2451960,DUMPW1-R48N,BLACKWATER,PRESTRIP,689970,7367468,302,251,65535,1,229,0,319
2453658,DUMPW1-R48S,BLACKWATER,COAL,690410,7366995,270,251,65535,1,229,0,319
2455356,DUMPW1-R50S,BLACKWATER,PRESTRIP 1,689835,7366217,310,251,65535,1,229,0,319
2457054,DUMPW1-R52S,BLACKWATER,PRESTRIP,690511,7365146,268,251,65535,1,229,79,319
2458752,DUMPW1-R54S,BLACKWATER,COAL,688821,7362932,280,251,65535,1,229,0,319
2460450,DUMPW1-R56S,BLACKWATER,COAL,689076,7360711,300,251,65535,1,229,0,319
2462148,ERT SHED,BLACKWATER,MAIN,691289,7369802,320,256,65535,1,229,0,319
2463846,EX-5520-01,TDU,DROID,715718,7354894,5520,254,65535,0,229,0,319
2465544,F2-4660-1,TDU,FIREPIT,717021,7364436,4660,254,65535,0,229,0,319
2467242,FIELD_TRK_SHOP,TDU,DROID,714024,7352724,5660,255,10049,0,229,0,319
2468940,FIREPIT,TDU,FIREPIT,0,0,0,259,65535,0,229,0,319
2470638,FIREPIT_DUMP,TDU,FIREPIT,717495,7369344,5210,251,10044,1,229,0,319
2472336,FIREPIT_INPIT,TDU,FIREPIT,716305,7364508,4800,251,65535,1,229,0,319
2474034,FUEL-CHPP,BLACKWATER,COAL,682990,7373961,293,255,10048,1,227,0,319
2475732,FUEL-EXIT RD,BLACKWATER,MAIN,683065,7373879,294,257,65535,0,229,0,319
2477430,FUEL-MAIN,BLACKWATER,MAIN,691049,7369916,285,255,65535,1,227,0,319
2479128,GRAVELSTOCK,TDU,LILYPAD,724815,7369872,4810,253,10027,1,229,0,319
2480826,HAMBONE,TDU,LAVA,714763,7349216,5720,257,65535,0,229,0,319
2482524,HOTSTART,TDU,DROID,719443,7360871,5330,256,10054,1,229,0,319
2484222,INPIT_FUELPAD,TDU,FIREPIT,717449,7366889,4990,255,30,1,229,10,320
2485920,L1-4970-01,TDU,LILYPAD,725421,7365830,4970,254,65535,0,229,0,319
2487618,LAVA,TDU,LAVA,0,0,0,259,65535,0,229,0,319
2489316,LAVA_STOCK,TDU,LAVA,716357,7351034,6030,253,10031,1,229,0,319
2491014,LEACH_PAD,TDU,LILYPAD,720167,7366742,5115,251,14,1,229,10,320
2492712,LILYPAD,TDU,NULL,0,0,0,259,65535,0,229,0,319
2494410,LOWER_FCWD,TDU,DROID,713918,7352371,5640,251,10037,1,229,0,319
2496108,LOWER_TRUCK_SHOP,TDU,MAINTENANCE,722928,7371550,4810,255,65535,1,226,0,319
2497806,LV-ACCESS1,BLACKWATER,MAIN,691244,7369718,320,257,65535,0,229,0,319
2499504,LV-ACCESS2,BLACKWATER,MAIN,691149,7369451,320,257,65535,0,229,0,319
2501202,LV-ACCESS3,BLACKWATER,MAIN,690191,7368591,320,257,65535,0,229,0,319
2502900,LV-ACCESS4,BLACKWATER,MAIN,690079,7368666,320,257,65535,0,229,0,319
2504598,M1-4790-1,TDU,MAINTENANCE,724063,7371569,4790,254,65535,0,229,0,319
2506296,M1-4810-1,TDU,MAINTENANCE,724641,7370455,4810,254,65535,0,229,0,319
2507994,MAIN,BLACKWATER,NULL,676000,7337000,-1500,259,65535,0,229,0,319
2509692,MAINTENANCE,TDU,MAINTENANCE,0,0,0,259,65535,0,229,0,319
2511390,MAIN_FUELPAD,TDU,DROID,719087,7360373,5330,255,65535,1,227,0,319
2513088,NEWLOC1,BLACKWATER,MAIN,683160,7374093,-1500,251,10041,1,229,0,319
2514786,NEW_DOWNLINE,TDU,MAINTENANCE,723293,7371580,4810,255,65535,1,229,0,319
2516484,OVERFLOW_STOCK,TDU,LILYPAD,715268,7352217,5640,253,19,1,229,75,322
2518182,PARKUP,NULL,NULL,701567,7360748,-1500,258,65535,0,229,0,319
2519880,PARKUP EAST,PARKUP,NULL,708265,7359211,-1500,259,65535,0,229,0,319
2521578,PARKUP WEST,PARKUP,NULL,694118,7360931,-1500,259,65535,0,229,0,319
2523276,PRESTRIP,BLACKWATER,NULL,676000,7337000,-1500,259,65535,0,229,0,319
2524974,PRESTRIP 1,BLACKWATER,NULL,676000,7337000,-1500,259,65535,0,229,0,319
2526672,PRESTRIP 2,BLACKWATER,NULL,676000,7337000,-1500,259,65535,0,229,0,319
2528370,PRESTRIP 3,BLACKWATER,NULL,676000,7337000,-1500,259,65535,0,229,0,319
2530068,PU_01,PARKUP,PARKUP WEST,702989,7360904,-1500,257,17000,1,229,75,321
2531766,PU_02,PARKUP,PARKUP WEST,703603,7360892,-1500,257,65535,0,229,0,319
2533464,PU_03,PARKUP,PARKUP EAST,704426,7360880,-1500,257,17001,1,229,50,321
2535162,PU_04,PARKUP,PARKUP EAST,705236,7360892,-1500,257,65535,0,229,0,319
2536860,PU_05,PARKUP,PARKUP EAST,705310,7359824,-1500,257,17008,1,229,75,321
2538558,PU_06,PARKUP,PARKUP EAST,705347,7358940,-1500,257,65535,0,229,0,319
2540256,PU_07,PARKUP,PARKUP EAST,705379,7358044,-1500,257,17009,1,229,75,321
2541954,PU_08,PARKUP,PARKUP WEST,702498,7360364,-1500,257,17019,1,229,75,321
2543652,PU_09,PARKUP,PARKUP WEST,702400,7361285,-1500,257,17020,1,229,75,321
2545350,PU_BL_01,BLACKWATER,COAL,687554,7357004,4,254,65535,0,227,0,319
2547048,PU_BL_02,PARKUP,PARKUP WEST,701700,7360376,-1500,254,65535,0,229,0,319
2548746,PU_CRUSHER,PARKUP,PARKUP EAST,705919,7361591,-1500,252,17003,1,229,125,322
2550444,PU_DUMP_01,PARKUP,PARKUP EAST,706624,7359811,-1500,251,17006,1,229,0,319
2552142,PU_FUEL_ISLAND,PARKUP,PARKUP EAST,705986,7360905,-1500,255,17021,0,227,100,322
2553840,PU_R50,BLACKWATER,COAL,689208,7366348,310,256,10050,1,229,0,319
2555538,PU_SHIFT_01,PARKUP,PARKUP EAST,705199,7361616,-1500,256,17004,0,229,75,322
2557236,PU_SHIFT_02,PARKUP,PARKUP WEST,704034,7359804,-1500,256,18003,1,229,75,322
2558934,PU_SHIFT_03,PARKUP,PARKUP EAST,706513,7358055,-1500,256,17010,0,229,75,322
2560632,PU_SHIFT_04,PARKUP,PARKUP EAST,704438,7360462,-1500,256,17012,0,229,75,322
2562330,PU_SHIFT_05,PARKUP,PARKUP WEST,702510,7359787,-1500,256,17013,0,229,75,322
2564028,PU_SHIFT_06,PARKUP,PARKUP WEST,703566,7361567,-1500,256,17014,0,229,75,322
2565726,PU_SHIFT_07,PARKUP,PARKUP EAST,704831,7358031,-1500,256,17015,1,229,75,322
2567424,PU_SHIFT_08,PARKUP,PARKUP WEST,702375,7362009,-1500,256,17016,0,229,75,322
2569122,PU_SHIFT_09,PARKUP,PARKUP WEST,703615,7360413,-1500,256,17017,1,229,75,322
2570820,PU_SHIFT_10,PARKUP,PARKUP EAST,704377,7361567,-1500,256,17018,1,229,75,322
2572518,PU_STK_01,PARKUP,PARKUP EAST,706464,7358915,-1500,253,17007,1,229,75,322
2574216,R10,BLACKWATER,MAIN,685029,7387603,255,257,84,0,229,50,321
2575914,R10-12-BAR,BLACKWATER,MAIN,686122,7385115,257,257,65535,0,229,0,319
2577612,R10-12-COR,BLACKWATER,MAIN,685603,7385102,267,257,65535,0,229,0,319
2579310,R10-2,BLACKWATER,MAIN,685797,7387739,208,257,65535,0,229,0,319
2581008,R10N-0012,BLACKWATER,COAL,686065,7388312,189,254,65535,0,229,0,319
2582706,R10S-0014,BLACKWATER,COAL,685967,7387146,230,254,65535,0,229,0,319
2584404,R12,BLACKWATER,MAIN,684882,7386539,255,257,85,0,229,50,321
2586102,R12-2,BLACKWATER,MAIN,685916,7386652,200,257,65535,0,229,0,319
2587800,R12-FILLPT,BLACKWATER,COAL,684888,7386165,258,255,31,1,230,30,322
2589498,R12-HR,BLACKWATER,MAIN,684828,7386191,258,257,65535,0,229,0,319
2591196,R12-LV-RD,BLACKWATER,MAIN,684691,7385572,261,257,86,1,229,50,321
2592894,R12.1,BLACKWATER,PRESTRIP,685172,7386594,248,257,65535,0,229,0,319
2594592,R12S-0019,BLACKWATER,COAL,686157,7386591,180,254,65535,0,229,0,319
2596290,R14,BLACKWATER,MAIN,684498,7384807,266,257,87,0,229,50,321
2597988,R14-2,BLACKWATER,MAIN,685061,7384782,255,257,65535,0,229,0,319
2599686,R14-3,BLACKWATER,MAIN,685367,7384997,250,257,65535,0,229,0,319
2601384,R14-BAR,BLACKWATER,MAIN,685636,7382721,277,257,65535,0,229,0,319
2603082,R14-HR,BLACKWATER,MAIN,684362,7384211,262,257,88,0,229,50,321
2604780,R14-HR.,BLACKWATER,COAL,684137,7383180,268,257,89,0,229,50,321
2606478,R14S-0013,BLACKWATER,COAL,685344,7384795,250,254,65535,0,229,0,319
2608176,R16,BLACKWATER,COAL,683784,7382089,273,257,90,0,229,50,321
2609874,R16-1,BLACKWATER,MAIN,683868,7382199,273,257,65535,0,229,0,319
2611572,R16-2,BLACKWATER,MAIN,684024,7382352,270,257,65535,0,229,0,319
2613270,R16-3,BLACKWATER,MAIN,684705,7382239,211,257,65535,0,229,0,319
2614968,R16-4,BLACKWATER,MAIN,685021,7382168,181,257,65535,0,229,0,319
2616666,R16-5,BLACKWATER,COAL,685301,7382092,160,257,65535,0,229,0,319
2618364,R16-BAR,BLACKWATER,MAIN,685540,7381657,287,257,65535,0,229,0,319
2620062,R16-HR,BLACKWATER,MAIN,683644,7381689,273,257,65535,0,229,0,319
2621760,R16N-0016,BLACKWATER,COAL,685250,7381245,175,254,65535,0,229,0,319
2623458,R16N-0017,BLACKWATER,PRESTRIP 3,685479,7383460,235,254,65535,0,229,0,319
2625156,R16N-10,BLACKWATER,PRESTRIP,684656,7383371,300,257,65535,0,229,0,319
2626854,R16N-11,BLACKWATER,PRESTRIP,685017,7383473,285,257,65535,0,229,0,319
2628552,R16N-12,BLACKWATER,PRESTRIP,685099,7383714,262,257,65535,0,229,0,319
2630250,R16N-14,BLACKWATER,PRESTRIP,685314,7383916,266,257,65535,0,229,0,319
2631948,R16N-15,BLACKWATER,PRESTRIP,684799,7383328,290,257,65535,0,229,0,319
2633646,R16N-16,BLACKWATER,MAIN,685420,7383503,236,257,65535,0,229,0,319
2635344,R16N-17,BLACKWATER,PRESTRIP,685389,7384204,270,257,65535,0,229,0,319
2637042,R16N-19,BLACKWATER,PRESTRIP 3,684876,7383349,285,257,65535,0,229,0,319
2638740,R16N-20,BLACKWATER,PRESTRIP 3,684440,7382423,300,257,65535,0,229,0,319
2640438,R16S-0020,BLACKWATER,MAIN,685179,7382719,175,254,10015,0,229,0,319
2642136,R16S-2,BLACKWATER,COAL,685231,7381532,190,257,65535,0,229,0,319
2643834,R18,BLACKWATER,COAL,683472,7381213,273,257,91,0,229,50,321
2645532,R18-1,BLACKWATER,MAIN,683737,7381170,277,257,65535,0,229,0,319
2647230,R18-2,BLACKWATER,MAIN,684070,7381050,290,257,65535,0,229,0,319
2648928,R18-3,BLACKWATER,MAIN,684416,7380876,280,257,65535,0,229,0,319
2650626,R18-4,BLACKWATER,MAIN,684616,7380800,275,257,65535,0,229,0,319
2652324,R18-5,BLACKWATER,PRESTRIP,684725,7380762,270,257,65535,0,229,0,319
2654022,R18-6,BLACKWATER,PRESTRIP,684981,7380747,270,257,65535,0,229,0,319
2655720,R18-7,BLACKWATER,PRESTRIP,685152,7380631,265,257,65535,0,229,0,319
2657418,R18-BAR,BLACKWATER,MAIN,685402,7380774,280,257,65535,0,229,0,319
2659116,R18-HR,BLACKWATER,MAIN,683252,7380602,278,257,65535,0,229,0,319
2660814,R18S-14,BLACKWATER,PRESTRIP,685059,7380335,265,257,65535,0,229,0,319
2662512,R20,BLACKWATER,COAL,683035,7379972,279,257,92,0,229,50,321
2664210,R20-1,BLACKWATER,MAIN,683310,7379877,291,257,65535,0,229,0,319
2665908,R20-4,BLACKWATER,MAIN,684378,7379531,205,257,65535,0,229,0,319
2667606,R20-5,BLACKWATER,COAL,684668,7379356,190,257,65535,0,229,0,319
2669304,R20-BAR,BLACKWATER,MAIN,685265,7379168,287,257,65535,0,229,0,319
2671002,R20N-0027,BLACKWATER,COAL,684709,7379419,190,254,65535,1,229,0,319
2672700,R20S-0028,BLACKWATER,COAL,684422,7378704,190,254,65535,0,229,0,319
2674398,R20S-0029,BLACKWATER,PRESTRIP 3,684785,7379303,262,254,25,5,229,100,322
2676096,R22,BLACKWATER,MAIN,682657,7378925,287,257,93,1,229,50,321
2677794,R22-1,BLACKWATER,MAIN,682924,7378838,288,257,65535,0,229,0,319
2679492,R22-2,BLACKWATER,PRESTRIP 3,683654,7378266,300,257,65535,0,229,0,319
2681190,R22-3,BLACKWATER,PRESTRIP 3,683247,7378706,313,257,65535,0,229,0,319
2682888,R22-4,BLACKWATER,PRESTRIP 3,683545,7378540,313,257,65535,0,229,0,319
2684586,R22-5,BLACKWATER,PRESTRIP 3,683765,7378680,305,257,65535,0,229,0,319
2686284,R22-6,BLACKWATER,PRESTRIP 3,683733,7378396,287,257,94,0,229,40,321
2687982,R22-7,BLACKWATER,PRESTRIP 3,684078,7378343,263,257,95,0,229,40,321
2689680,R22-8,BLACKWATER,PRESTRIP 3,684376,7378297,251,257,96,0,229,40,321
2691378,R22-BAR,BLACKWATER,MAIN,684864,7378143,287,257,65535,0,229,0,319
2693076,R22-HR,BLACKWATER,MAIN,682473,7378560,289,257,97,0,229,50,321
2694774,R22S-11,BLACKWATER,PRESTRIP 3,684374,7377946,282,257,98,1,229,25,321
2696472,R22S-12,BLACKWATER,PRESTRIP 3,684298,7377333,289,257,99,4,229,25,321
2698170,R22S-15,BLACKWATER,PRESTRIP 3,684342,7377749,282,257,100,1,229,25,321
2699868,R22S-19,BLACKWATER,PRESTRIP 3,683655,7377523,300,257,101,0,229,25,321
2701566,R22S-20,BLACKWATER,PRESTRIP 3,683857,7377905,267,257,102,0,229,25,321
2703264,R24,BLACKWATER,COAL,682302,7378120,291,257,103,0,229,50,321
2704962,R24-2,BLACKWATER,MAIN,683228,7377502,312,257,65535,0,229,0,319
2706660,R24-HR,BLACKWATER,COAL,682161,7377496,301,257,104,0,229,50,321
2708358,R26,BLACKWATER,COAL,682142,7376824,308,257,105,1,229,50,321
2710056,R26-1,BLACKWATER,MAIN,682728,7376849,280,257,65535,0,229,0,319
2711754,R26-2,BLACKWATER,PRESTRIP,683223,7376895,250,257,65535,0,229,0,319
2713452,R26-3,BLACKWATER,MAIN,683634,7376971,230,257,65535,0,229,0,319
2715150,R26-4,BLACKWATER,COAL,684056,7377042,245,257,65535,0,229,0,319
2716848,R26-HR,BLACKWATER,COAL,682266,7376146,308,257,106,0,229,50,321
2718546,R26N-0030,BLACKWATER,COAL,684046,7377494,245,254,65535,1,229,0,319
2720244,R26N-0031,BLACKWATER,PRESTRIP,684456,7377927,276,254,65535,1,229,0,319
2721942,R26S-0028,BLACKWATER,COAL,684180,7376866,250,254,65535,0,229,0,319
2723640,R28,BLACKWATER,COAL,682546,7375490,308,257,107,0,229,50,321
2725338,R28-2,BLACKWATER,COAL,682960,7375702,304,257,108,0,229,50,321
2727036,R28-3,BLACKWATER,PRESTRIP 3,683403,7375959,314,257,109,0,229,50,321
2728734,R28-4,BLACKWATER,PRESTRIP 3,683825,7376154,270,257,65535,0,229,0,319
2730432,R28-5,BLACKWATER,PRESTRIP 3,684276,7376323,254,257,65535,0,229,0,319
2732130,R28-6,BLACKWATER,PRESTRIP 3,684476,7376496,243,257,65535,0,229,0,319
2733828,R28-FILLPT,BLACKWATER,COAL,682593,7375389,310,255,32,1,230,20,322
2735526,R28-HR,BLACKWATER,COAL,682840,7375080,302,257,110,0,229,50,321
2737224,R28-RJ,BLACKWATER,COAL,683858,7376308,315,257,111,1,229,50,321
2738922,R28-S,BLACKWATER,MAIN,682613,7375411,310,257,65535,0,229,0,319
2740620,R30,BLACKWATER,COAL,683004,7374526,300,257,112,0,229,50,321
2742318,R30-5,BLACKWATER,COAL,684744,7375640,250,257,65535,1,229,0,319
2744016,R30-BAR,BLACKWATER,MAIN,685322,7375976,283,257,65535,0,229,0,319
2745714,R30N-0032,BLACKWATER,PRESTRIP,684556,7376535,243,254,65535,1,229,0,319
2747412,R32,BLACKWATER,COAL,683205,7373812,295,257,113,0,229,30,321
2749110,R32-3,BLACKWATER,MAIN,683439,7373812,290,257,65535,0,229,0,319
2750808,R32-5,BLACKWATER,MAIN,684353,7374076,288,257,65535,1,229,0,319
2752506,R32-BAR,BLACKWATER,MAIN,685696,7374270,275,257,65535,0,229,0,319
2754204,R32-COR-RD,BLACKWATER,MAIN,684512,7373975,282,257,65535,0,229,0,319
2755902,R32-FILLPT,BLACKWATER,MAIN,683346,7373237,290,255,33,1,230,29,322
2757600,R32-FP,BLACKWATER,MAIN,683297,7373211,290,257,65535,0,229,50,319
2759298,R32-FUELFARM,BLACKWATER,MAIN,683181,7373587,285,257,65535,0,229,0,319
2760996,R32-FUELFARM1,BLACKWATER,COAL,683106,7373770,292,257,114,1,229,30,321
2762694,R32-HR-3,BLACKWATER,COAL,683373,7372987,290,257,115,0,229,50,321
2764392,R32-LV,BLACKWATER,MAIN,683209,7373726,290,257,65535,0,229,0,319
2766090,R32-MJ,BLACKWATER,COAL,683280,7374155,300,257,116,0,229,35,321
2767788,R32-RD-AUX,BLACKWATER,COAL,683448,7374133,305,257,65535,0,229,0,319
2769486,R32-RJCT,BLACKWATER,COAL,683810,7374409,308,257,65535,0,229,0,319
2771184,R32-ROM-2,BLACKWATER,COAL,683248,7374073,306,257,65535,1,229,0,319
2772882,R32-ROM-3,BLACKWATER,COAL,683196,7374131,306,257,117,1,229,27,321
2774580,R32-ROM-4,BLACKWATER,COAL,683131,7374265,304,257,118,0,229,30,321
2776278,R32-ROM-NTH,BLACKWATER,COAL,683296,7373948,301,257,119,0,229,30,321
2777976,R32-ROM-RD,BLACKWATER,COAL,683167,7373955,302,257,120,0,229,30,321
2779674,R32-ROM-RD-1,BLACKWATER,COAL,683191,7374019,305,257,65535,0,229,0,319
2781372,R32-ROM-STH,BLACKWATER,COAL,683162,7373667,290,257,121,0,229,30,321
2783070,R32-STK,BLACKWATER,COAL,683190,7374336,300,257,122,0,229,30,321
2784768,R32-STK-RD,BLACKWATER,COAL,683369,7374431,305,257,123,0,229,35,321
2786466,R32-STK-RD1,BLACKWATER,COAL,683486,7374121,305,257,124,0,229,30,321
2788164,R32-STK-RD11,BLACKWATER,COAL,683434,7374457,305,257,65535,0,229,0,319
2789862,R32-STK-RD2,BLACKWATER,COAL,683562,7374141,305,257,65535,0,229,0,319
2791560,R32-STK-RD22,BLACKWATER,COAL,683483,7374476,305,257,65535,0,229,0,319
2793258,R32-STK-RD3,BLACKWATER,COAL,683640,7374165,305,257,65535,0,229,0,319
2794956,R32-STK-RD33,BLACKWATER,COAL,683567,7374503,305,257,65535,0,229,0,319
2796654,R32-STK-RD4,BLACKWATER,COAL,683689,7374214,305,257,65535,0,229,0,319
2798352,R32-STK-RD44,BLACKWATER,COAL,683705,7374394,308,257,125,1,229,23,321
2800050,R32-STK-RD5,BLACKWATER,COAL,683357,7374472,305,257,65535,0,229,0,319
2801748,R32-STK-RD55,BLACKWATER,COAL,683735,7374672,305,257,65535,0,229,0,319
2803446,R32-STK-RD6,BLACKWATER,COAL,683331,7374544,305,257,65535,0,229,0,319
2805144,R32-STK-RD66,BLACKWATER,COAL,683683,7374727,305,257,65535,0,229,0,319
2806842,R32-STK-RD7,BLACKWATER,COAL,683637,7374522,306,257,65535,0,229,0,319
2808540,R32S-LVRD-STH,BLACKWATER,MAIN,683201,7373518,288,257,65535,0,229,0,319
2810238,R34,BLACKWATER,COAL,683519,7372575,299,257,126,0,229,50,321
2811936,R34HR-2,BLACKWATER,COAL,683875,7371988,300,257,127,0,229,50,321
2813634,R36,BLACKWATER,COAL,684191,7371530,307,257,128,0,229,50,321
2815332,R36-2,BLACKWATER,MAIN,684271,7371559,314,257,65535,1,229,0,319
2817030,R36-3,BLACKWATER,MAIN,684617,7371842,333,257,65535,1,229,0,319
2818728,R36-4,BLACKWATER,PRESTRIP 2,684885,7372246,305,257,129,0,229,40,321
2820426,R36-5,BLACKWATER,PRESTRIP 2,684887,7372496,282,257,130,0,229,40,321
2822124,R36-6,BLACKWATER,PRESTRIP 2,685255,7372705,273,257,131,0,229,40,321
2823822,R36-HR,BLACKWATER,COAL,684667,7371022,311,257,132,0,229,50,321
2825520,R36S-11,BLACKWATER,PRESTRIP 2,685513,7372434,268,257,133,0,229,40,321
2827218,R38,BLACKWATER,COAL,685119,7370601,300,257,134,0,229,50,321
2828916,R38-2,BLACKWATER,COAL,685700,7371193,295,257,135,1,229,50,321
2830614,R38-3,BLACKWATER,COAL,686072,7371589,231,257,136,0,229,50,321
2832312,R38-4,BLACKWATER,COAL,685608,7371985,230,257,137,0,229,50,321
2834010,R38-5,BLACKWATER,COAL,686341,7371905,200,257,65535,0,229,0,319
2835708,R38-BAR,BLACKWATER,MAIN,686789,7372561,286,257,65535,0,229,0,319
2837406,R38-HR,BLACKWATER,COAL,685634,7370255,290,257,138,0,229,50,321
2839104,R38N-0019,BLACKWATER,COAL,685298,7372434,235,254,65535,4,229,0,319
2840802,R38N-0021,BLACKWATER,PRESTRIP 2,685708,7372229,200,254,65535,1,229,0,319
2842500,R38S-0027,BLACKWATER,COAL,686541,7372032,195,254,65535,0,229,0,319
2844198,R38S-0028,BLACKWATER,COAL,686567,7372117,200,254,65535,0,229,0,319
2845896,R38S-0029,BLACKWATER,PRESTRIP,687373,7371472,251,254,65535,1,229,0,319
2847594,R40,BLACKWATER,COAL,686146,7369984,290,257,139,0,229,50,321
2849292,R40-1,BLACKWATER,MAIN,686216,7370152,295,257,65535,0,229,0,319
2850990,R40-2,BLACKWATER,COAL,686327,7370447,302,257,65535,0,229,0,319
2852688,R40-3,BLACKWATER,PRESTRIP,686649,7370717,315,257,65535,1,229,0,319
2854386,R40-4,BLACKWATER,PRESTRIP,686916,7370716,295,257,65535,0,229,0,319
2856084,R40-5,BLACKWATER,PRESTRIP,687133,7370997,265,257,65535,0,229,0,319
2857782,R40-6,BLACKWATER,PRESTRIP,687196,7371091,258,257,65535,0,229,0,319
2859480,R40-7,BLACKWATER,PRESTRIP,687318,7371339,247,257,65535,0,229,0,319
2861178,R40-HR,BLACKWATER,COAL,686655,7369903,290,257,140,0,229,50,321
2862876,R42,BLACKWATER,MAIN,686982,7369718,290,257,65535,0,229,0,319
2864574,R42-2,BLACKWATER,MAIN,687084,7369880,290,257,141,1,229,25,321
2866272,R42-3,BLACKWATER,PRESTRIP,687148,7370268,280,257,65535,0,229,0,319
2867970,R42-4,BLACKWATER,PRESTRIP 2,687653,7371003,278,257,65535,0,229,0,319
2869668,R42-6,BLACKWATER,MAIN,687808,7371249,250,257,65535,0,229,0,319
2871366,R42-7,BLACKWATER,PRESTRIP 2,688022,7371564,242,257,65535,0,229,0,319
2873064,R42-BAR,BLACKWATER,MAIN,688031,7371858,266,257,65535,0,229,0,319
2874762,R42-FILLPT,BLACKWATER,COAL,686765,7369967,290,255,34,1,229,53,322
2876460,R42N-0025,BLACKWATER,COAL,687497,7371109,265,254,65535,1,229,50,319
2878158,R42N-0026,BLACKWATER,COAL,688140,7371085,199,254,65535,1,229,0,319
2879856,R42S-10,BLACKWATER,PRESTRIP 2,688279,7371284,269,257,65535,0,229,0,319
2881554,R44,BLACKWATER,COAL,687161,7369515,290,257,142,0,229,57,321
2883252,R44-12,BLACKWATER,COAL,688402,7370567,226,257,65535,0,229,0,319
2884950,R44-2,BLACKWATER,PRESTRIP 2,687587,7369585,300,257,143,1,229,50,321
2886648,R44-3,BLACKWATER,COAL,688125,7369990,252,257,144,0,229,25,321
2888346,R44-4,BLACKWATER,PRESTRIP 2,688384,7370199,248,257,145,0,229,25,321
2890044,R44-5,BLACKWATER,COAL,688302,7370160,249,257,146,1,229,50,321
2891742,R44-6,BLACKWATER,PRESTRIP,688459,7370363,230,257,65535,1,229,0,319
2893440,R44-7,BLACKWATER,PRESTRIP,688619,7370594,238,257,147,1,229,25,321
2895138,R44-8,BLACKWATER,PRESTRIP,688843,7370468,244,257,148,0,229,25,321
2896836,R44-9,BLACKWATER,PRESTRIP,688902,7370426,248,257,149,0,229,30,321
2898534,R44-BAR,BLACKWATER,MAIN,689043,7370760,280,257,65535,0,229,0,319
2900232,R44-HR-3,BLACKWATER,MAIN,687476,7369155,300,257,65535,0,229,0,319
2901930,R44-HR4,BLACKWATER,COAL,687904,7368862,299,257,150,0,229,50,321
2903628,R44S-12,BLACKWATER,PRESTRIP 2,688636,7370824,275,257,151,0,229,25,321
2905326,R46,BLACKWATER,MAIN,688307,7368607,300,257,65535,0,229,0,319
2907024,R46-01,BLACKWATER,PRESTRIP,689070,7369574,271,257,65535,0,229,0,319
2908722,R46-02,BLACKWATER,PRESTRIP,689555,7368395,307,257,65535,0,229,0,319
2910420,R46-03,BLACKWATER,PRESTRIP,689822,7368787,272,257,152,0,229,25,321
2912118,R46-04,BLACKWATER,PRESTRIP,689583,7368839,253,257,65535,0,229,0,319
2913816,R46-05,BLACKWATER,PRESTRIP,688956,7369213,238,257,65535,0,229,0,319
2915514,R46-10,BLACKWATER,PRESTRIP,689711,7369159,298,257,65535,0,229,0,319
2917212,R46-11,BLACKWATER,PRESTRIP,689949,7368888,298,257,65535,0,229,0,319
2918910,R46-12,BLACKWATER,PRESTRIP,689229,7369201,251,257,65535,0,229,0,319
2920608,R46-6,BLACKWATER,PRESTRIP,688491,7370074,258,257,65535,0,229,0,319
2922306,R46-7,BLACKWATER,PRESTRIP,688593,7369957,274,257,153,0,229,25,321
2924004,R46-8,BLACKWATER,PRESTRIP,688779,7369732,306,257,154,0,229,25,321
2925702,R46-9,BLACKWATER,PRESTRIP,688879,7369579,310,257,65535,1,229,0,319
2927400,R46-BAR,BLACKWATER,MAIN,689911,7370565,285,257,65535,0,229,0,319
2929098,R46-BAR-2,BLACKWATER,MAIN,689632,7370300,290,257,65535,0,229,0,319
2930796,R46-HR,BLACKWATER,COAL,688622,7368368,305,257,155,0,229,81,321
2932494,R46N-0027,BLACKWATER,PRESTRIP 2,688932,7370001,251,254,26,1,229,100,320
2934192,R46N-0027-,BLACKWATER,PRESTRIP,689605,7369938,264,254,65535,1,229,50,319
2935890,R46N-0028,BLACKWATER,PRESTRIP 2,688726,7370253,244,254,65535,0,229,0,319
2937588,R46S-0016,BLACKWATER,PRESTRIP,689728,7368804,260,254,65535,1,229,104,319
2939286,R48,BLACKWATER,COAL,689158,7367650,300,257,156,0,229,50,321
2940984,R48-1,BLACKWATER,COAL,689529,7367437,300,257,65535,0,229,50,319
2942682,R48-12,BLACKWATER,PRESTRIP,691003,7368009,291,257,65535,0,229,0,319
2944380,R48-13,BLACKWATER,PRESTRIP,691075,7368316,269,257,65535,0,229,0,319
2946078,R48-14,BLACKWATER,PRESTRIP,691595,7368207,265,257,65535,0,229,0,319
2947776,R48-2,BLACKWATER,COAL,689860,7367218,302,257,65535,0,229,0,319
2949474,R48-3,BLACKWATER,MAIN,690223,7367152,285,257,65535,0,229,0,319
2951172,R48-4,BLACKWATER,MAIN,690569,7367110,257,257,65535,0,229,0,319
2952870,R48-5,BLACKWATER,COAL,690892,7367022,227,257,65535,0,229,0,319
2954568,R48-6,BLACKWATER,COAL,691141,7366947,215,257,65535,0,229,0,319
2956266,R48-BAR-EW,BLACKWATER,MAIN,691287,7368485,292,257,65535,0,229,0,319
2957964,R48-HR,BLACKWATER,COAL,688995,7367071,304,257,157,0,229,71,321
2959662,R48-HV-BAR,BLACKWATER,MAIN,689991,7368854,297,257,158,1,229,25,321
2961360,R48-HV1-BAR,BLACKWATER,MAIN,689612,7368363,313,257,159,1,229,50,321
2963058,R48HV-ACCESS,BLACKWATER,MAIN,689045,7367988,300,257,160,0,229,50,321
2964756,R48LV-ACCESS,BLACKWATER,MAIN,689102,7367866,298,257,65535,0,229,0,319
2966454,R48N-0031,BLACKWATER,COAL,691377,7367714,215,254,65535,1,229,0,319
2968152,R48N-0032,BLACKWATER,PRESTRIP,691493,7367569,262,254,65535,1,229,0,319
2969850,R48N-10,BLACKWATER,PRESTRIP,690767,7367333,359,257,65535,0,229,0,319
2971548,R48N-11,BLACKWATER,PRESTRIP,690941,7367623,327,257,65535,0,229,0,319
2973246,R48N-20,BLACKWATER,PRESTRIP,690799,7368050,312,257,65535,0,229,0,319
2974944,R48N-9,BLACKWATER,PRESTRIP,690356,7367299,320,257,65535,1,229,0,319
2976642,R48S-0031,BLACKWATER,COAL,691169,7366804,220,254,65535,1,229,0,319
2978340,R48S-0032,BLACKWATER,PRESTRIP 1,691281,7366356,286,254,27,1,229,80,320
2980038,R48S-0032-,BLACKWATER,PRESTRIP 1,691095,7365735,215,254,65535,1,229,0,319
2981736,R50,BLACKWATER,COAL,688720,7366491,312,257,161,0,229,50,321
2983434,R50-1,BLACKWATER,COAL,688910,7366389,310,257,162,1,229,10,321
2985132,R50-2,BLACKWATER,MAIN,689196,7366293,310,257,65535,0,229,0,319
2986830,R50-3,BLACKWATER,MAIN,689713,7366114,320,257,65535,0,229,0,319
2988528,R50-4,BLACKWATER,PRESTRIP 1,690191,7365895,358,257,65535,0,229,0,319
2990226,R50-BAR,BLACKWATER,MAIN,690986,7364987,327,257,65535,0,229,0,319
2991924,R50-CRIB-HR,BLACKWATER,MAIN,688756,7366598,312,257,65535,0,229,0,319
2993622,R50-CRIB-X,BLACKWATER,MAIN,688792,7366698,312,257,65535,0,229,0,319
2995320,R50-HR,BLACKWATER,COAL,688550,7365991,316,257,163,0,229,25,321
2997018,R50N-14,BLACKWATER,PRESTRIP 1,690996,7365905,268,257,164,0,229,25,321
2998716,R50N-15,BLACKWATER,PRESTRIP 1,690645,7366045,273,257,165,0,229,40,321
3000414,R50N-17,BLACKWATER,PRESTRIP 1,691007,7366056,267,257,166,0,229,30,321
3002112,R50N-20,BLACKWATER,PRESTRIP 1,690670,7366413,309,257,167,0,229,41,321
3003810,R50N-30,BLACKWATER,PRESTRIP 1,691106,7366136,273,257,65535,0,229,0,319
3005508,R50S-18,BLACKWATER,PRESTRIP 1,690498,7365765,291,257,168,0,229,37,321
3007206,R50S-25,BLACKWATER,PRESTRIP 1,690193,7365268,325,257,65535,1,229,0,319
3008904,R52,BLACKWATER,COAL,688362,7365659,320,257,169,0,229,61,321
3010602,R52-1,BLACKWATER,MAIN,688459,7365591,320,257,65535,0,229,0,319
3012300,R52-18,BLACKWATER,PRESTRIP,689576,7363724,330,257,65535,0,229,0,319
3013998,R52-2,BLACKWATER,MAIN,688627,7365503,330,257,65535,0,229,0,319
3015696,R52-3,BLACKWATER,PRESTRIP,688940,7365398,345,257,65535,0,229,0,319
3017394,R52-5,BLACKWATER,MAIN,689825,7365124,268,257,65535,0,229,0,319
3019092,R52-6,BLACKWATER,COAL,690454,7364946,270,257,65535,0,229,0,319
3020790,R52-BAR,BLACKWATER,MAIN,690923,7363850,320,257,65535,0,229,0,319
3022488,R52-FILLPT,BLACKWATER,COAL,688499,7366022,318,255,35,1,229,30,322
3024186,R52-HR,BLACKWATER,COAL,687949,7364960,333,257,170,0,229,50,321
3025884,R52N-0031,BLACKWATER,COAL,690557,7365075,270,254,65535,1,229,75,319
3027582,R52N-0032,BLACKWATER,PRESTRIP 1,690987,7365719,272,254,65535,1,229,0,319
3029280,R52S-0030,BLACKWATER,COAL,690345,7364840,270,254,65535,0,229,0,319
3030978,R52S-0031,BLACKWATER,COAL,690304,7364018,261,254,65535,0,229,0,319
3032676,R52S-0032,BLACKWATER,PRESTRIP,690233,7363476,328,254,28,1,229,140,322
3034374,R52S-13,BLACKWATER,PRESTRIP 1,690603,7364541,278,257,65535,0,229,0,319
3036072,R52S-15,BLACKWATER,PRESTRIP,690135,7364297,280,257,65535,0,229,0,319
3037770,R52S-16,BLACKWATER,PRESTRIP 1,689941,7364397,300,257,65535,0,229,0,319
3039468,R52S-17,BLACKWATER,PRESTRIP 1,689589,7364084,335,257,65535,0,229,0,319
3041166,R52S-18,BLACKWATER,PRESTRIP,690166,7364793,320,257,65535,0,229,0,319
3042864,R52S-19,BLACKWATER,PRESTRIP 1,690002,7364859,333,257,65535,0,229,0,319
3044562,R52S-20,BLACKWATER,PRESTRIP 1,690561,7364384,286,257,65535,0,229,0,319
3046260,R52S-21,BLACKWATER,PRESTRIP,690207,7364245,275,257,65535,0,229,0,319
3047958,R52S-25,BLACKWATER,PRESTRIP,690660,7364349,299,257,65535,0,229,0,319
3049656,R54,BLACKWATER,COAL,687483,7364173,342,257,171,0,229,50,321
3051354,R54-1,BLACKWATER,MAIN,687712,7363725,353,257,65535,1,229,0,319
3053052,R54-11,BLACKWATER,PRESTRIP 1,689429,7362482,335,257,65535,0,229,0,319
3054750,R54-12,BLACKWATER,PRESTRIP,689104,7361977,340,257,65535,1,229,0,319
3056448,R54-14,BLACKWATER,PRESTRIP,690403,7364091,261,257,172,0,229,25,321
3058146,R54-2,BLACKWATER,MAIN,687951,7363511,353,257,173,0,229,40,321
3059844,R54-3,BLACKWATER,COAL,688214,7363339,313,257,174,0,229,40,321
3061542,R54-5,BLACKWATER,MAIN,688874,7363026,280,257,175,0,229,40,321
3063240,R54-6,BLACKWATER,PRESTRIP,689145,7362888,270,257,65535,0,229,0,319
3064938,R54-7,BLACKWATER,MAIN,689263,7362803,263,257,65535,1,229,0,319
3066636,R54-9,BLACKWATER,COAL,689388,7362692,270,257,176,0,229,40,321
3068334,R54-HR,BLACKWATER,COAL,686809,7362986,372,257,177,0,229,50,321
3070032,R54N-0033,BLACKWATER,PRESTRIP 1,689972,7362741,335,254,65535,0,229,0,319
3071730,R54N-0036,BLACKWATER,PRESTRIP,689939,7362628,330,254,65535,1,229,80,319
3073428,R54S-0034,BLACKWATER,COAL,689207,7362730,263,254,65535,1,229,0,319
3075126,R54S-0035,BLACKWATER,COAL,688912,7362000,280,254,65535,1,229,0,319
3076824,R54S-0036,BLACKWATER,PRESTRIP,689197,7361976,340,254,65535,1,229,0,319
3078522,R56,BLACKWATER,COAL,687574,7360800,360,257,178,0,229,50,321
3080220,R56-1,BLACKWATER,COAL,687941,7360978,370,257,179,0,229,40,321
3081918,R56-2,BLACKWATER,COAL,688487,7360932,334,257,180,0,229,40,321
3083616,R56-4,BLACKWATER,COAL,689079,7360832,300,257,181,0,229,40,321
3085314,R56-5,BLACKWATER,COAL,689541,7360853,258,257,182,0,229,40,321
3087012,R56-6,BLACKWATER,COAL,689817,7360855,245,257,183,1,229,40,321
3088710,R56-FILLPT,BLACKWATER,COAL,687296,7359900,360,255,36,1,229,21,322
3090408,R56-HR,BLACKWATER,MAIN,687482,7360154,340,257,184,0,229,50,321
3092106,R56-SP,BLACKWATER,COAL,688717,7360294,387,257,65535,0,229,0,319
3093804,R56-SP-RD,BLACKWATER,MAIN,688390,7360637,395,257,65535,1,229,0,319
3095502,R56-SP-RD2,BLACKWATER,MAIN,688447,7360324,392,257,65535,0,229,0,319
3097200,R56-SP-RD2.1,BLACKWATER,MAIN,688673,7360192,390,257,65535,0,229,0,319
3098898,R56-SP-RD3,BLACKWATER,MAIN,688894,7360067,387,257,65535,0,229,0,319
3100596,R56-SP-RD6,BLACKWATER,MAIN,687986,7360894,375,257,65535,0,229,0,319
3102294,R56N-0033,BLACKWATER,COAL,689480,7360987,254,254,65535,0,229,0,319
3103992,R56N-0054,BLACKWATER,COAL,689329,7361182,245,254,65535,1,229,0,319
3105690,R56N-0055,BLACKWATER,COAL,689930,7361501,245,254,65535,1,229,0,319
3107388,R56S-0054,BLACKWATER,COAL,689789,7360793,245,254,65535,1,229,0,319
3109086,R56S-0055,BLACKWATER,COAL,689881,7359700,305,254,65535,1,229,0,319
3110784,R56S-HR,BLACKWATER,MAIN,687318,7359877,360,257,65535,0,229,0,319
3112482,R58,BLACKWATER,MAIN,687318,7359357,350,257,65535,0,229,0,319
3114180,R58-3,BLACKWATER,MAIN,688285,7359844,294,257,65535,0,229,0,319
3115878,R58-4,BLACKWATER,COAL,689188,7359828,345,257,65535,0,229,0,319
3117576,R58-5,BLACKWATER,COAL,689416,7359489,316,257,65535,0,229,0,319
3119274,R58-6,BLACKWATER,COAL,689646,7359579,310,257,65535,0,229,0,319
3120972,R58-HR,BLACKWATER,MAIN,687374,7359071,346,257,185,0,229,30,321
3122670,R60,BLACKWATER,MAIN,687443,7358684,340,257,65535,0,229,0,319
3124368,R60-5,BLACKWATER,MAIN,688022,7359152,315.100006,257,65535,0,229,0,319
3126066,R62,BLACKWATER,MAIN,687356,7358680,340,257,186,0,229,30,321
3127764,R62-3,BLACKWATER,MAIN,687935,7358694,340,257,65535,0,229,0,319
3129462,R62-5,BLACKWATER,MAIN,688891,7358457,290,257,65535,0,229,0,319
3131160,R62-BAR,BLACKWATER,MAIN,689391,7358424,362,257,65535,0,229,0,319
3132858,R62-FILLPT,BLACKWATER,MAIN,687187,7357863,328,255,37,1,229,25,322
3134556,R62-HR,BLACKWATER,MAIN,687128,7357855,331,257,65535,0,229,0,319
3136254,R62-LV-BAR,BLACKWATER,MAIN,686266,7356864,290,257,65535,0,229,0,319
3137952,R62S-0052,BLACKWATER,COAL,689800,7359570,305,254,65535,1,229,0,319
3139650,R62S-0053,BLACKWATER,PRESTRIP,689747,7358995,310,254,65535,1,229,50,319
3141348,R64,BLACKWATER,MAIN,685690,7356276,291.799988,257,65535,1,229,0,319
3143046,R64-4,BLACKWATER,MAIN,686693,7356068,273,257,65535,0,229,0,319
3144744,R64-BAR,BLACKWATER,MAIN,686933,7355922,273,257,65535,0,229,0,319
3146442,R64-HR,BLACKWATER,MAIN,685630,7355956,291.899994,257,65535,1,229,0,319
3148140,R66,BLACKWATER,MAIN,685454,7355644,291.899994,257,65535,1,229,0,319
3149838,R66-3,BLACKWATER,MAIN,685953,7355479,277,257,65535,0,229,0,319
3151536,R66-BAR,BLACKWATER,MAIN,686378,7355252,277,257,65535,0,229,0,319
3153234,R66-HR,BLACKWATER,MAIN,685189,7355503,290.5,257,65535,0,229,0,319
3154932,R68,BLACKWATER,MAIN,684890,7355400,290.700012,257,65535,1,229,0,319
3156630,R68-3,BLACKWATER,MAIN,685350,7354848,319.5,257,65535,0,229,0,319
3158328,R68-BAR,BLACKWATER,MAIN,685523,7354675,320,257,65535,0,229,0,319
3160026,R68-HR-3,BLACKWATER,MAIN,684452,7355157,288.5,257,65535,0,229,0,319
3161724,R70,BLACKWATER,MAIN,684171,7354727,287.5,257,65535,1,229,0,319
3163422,R70-3,BLACKWATER,MAIN,684600,7354582,273.5,257,65535,0,229,0,319
3165120,R70-BAR,BLACKWATER,MAIN,686451,7353992,320,257,65535,0,229,0,319
3166818,R70-HR-3,BLACKWATER,MAIN,683846,7353879,290,257,65535,0,229,0,319
3168516,R72,BLACKWATER,MAIN,683810,7352771,291.600006,257,65535,0,229,0,319
3170214,R72-2,BLACKWATER,MAIN,684576,7352839,287.100006,257,65535,0,229,0,319
3171912,R72-BAR,BLACKWATER,MAIN,685851,7352781,310,257,65535,0,229,0,319
3173610,R74,BLACKWATER,MAIN,684655,7349918,254.5,257,65535,0,229,0,319
3175308,R74-5,BLACKWATER,MAIN,686398,7350396,238,257,65535,0,229,0,319
3177006,R75-3,BLACKWATER,MAIN,685500,7350058,254,257,65535,0,229,0,319
3178704,R76,BLACKWATER,MAIN,684985,7349427,260.600006,257,65535,0,229,0,319
3180402,R76-5,BLACKWATER,MAIN,685977,7348648,252.199997,257,65535,0,229,0,319
3182100,R80,BLACKWATER,MAIN,684923,7347191,275.600006,257,65535,0,229,0,319
3183798,R80-5,BLACKWATER,MAIN,686268,7346898,233.800003,257,65535,0,229,0,319
3185496,R82,BLACKWATER,MAIN,684870,7346374,275.5,257,65535,0,229,0,319
3187194,R82-3,BLACKWATER,MAIN,685412,7346152,265.899994,257,65535,0,229,0,319
3188892,R84,BLACKWATER,MAIN,684126,7345094,278.700012,257,65535,0,229,0,319
3190590,R84-5,BLACKWATER,MAIN,685161,7345062,231.600006,257,65535,0,229,0,319
3192288,READYLINE,TDU,FIREPIT,717601,7366517,4990,256,43,1,229,10,320
3193986,REJECT-0TCP,BLACKWATER,COAL,682561,7379417,280,254,65535,0,229,0,319
3195684,REJECT-CHPP,BLACKWATER,COAL,683138,7374200,300,254,29,1,229,29,322
3197382,ROAD_GRAVEL,TDU,DROID,714288,7351745,5640,251,15,1,229,10,320
3199080,ROD LAY DOWN YARD,BLACKWATER,MAIN,690915,7369722,288,257,65535,1,229,0,319
3200778,ROM002-0TCP,BLACKWATER,COAL,682551,7379308,297,252,10006,1,229,0,319
3202476,ROM2-N,BLACKWATER,COAL,682843,7379379,279,257,187,0,229,30,321
3204174,ROM2-S,BLACKWATER,MAIN,682754,7379124,280,257,65535,0,229,0,319
3205872,ROM2N,BLACKWATER,COAL,682778,7379387,280,257,65535,1,229,0,319
3207570,ROM2NN,BLACKWATER,COAL,682680,7379412,288,257,65535,0,229,0,319
3209268,ROM2NW,BLACKWATER,COAL,682618,7379423,290,257,65535,0,229,0,319
3210966,ROM2S,BLACKWATER,COAL,682583,7379144,284,257,65535,0,229,0,319
3212664,ROM2SS,BLACKWATER,COAL,682655,7379121,282,257,65535,0,229,0,319
3214362,ROMBIN,BLACKWATER,COAL,683195,7374097,305,252,10004,1,229,0,319
3216060,ROMBIN-EAST,BLACKWATER,COAL,683201,7374071,308,252,10038,1,229,0,319
3217758,ROMBIN-WEST,BLACKWATER,COAL,683184,7374072,309,252,10065,1,229,0,319
3219456,RUBBISH_DUMP,TDU,LILYPAD,720757,7365777,5015,251,16,1,229,20,320
3221154,SCRAPER DUMP,TDU,LILYPAD,723122,7363837,5040,251,65535,1,229,0,319
3222852,SHOP_FUEL_PAD,TDU,MAINTENANCE,723008,7371412,4815,255,10011,0,227,0,319
3224550,SHOVEL_PAD,TDU,DELTA4,717019,7358322,5335,255,65535,0,229,0,319
3226248,SHTRN-CHPP,BLACKWATER,MAIN,684289,7351607,290,257,65535,0,229,0,319
3227946,STH-CHPP,BLACKWATER,MAIN,684219,7350905,291,257,65535,0,229,0,319
3229644,STH-CHPP-HRN,BLACKWATER,MAIN,683545,7352073,291,257,65535,0,229,0,319
3231342,STH-CHPP-HRS,BLACKWATER,MAIN,683821,7351441,291,257,65535,0,229,0,319
3233040,STKR12-0001,BLACKWATER,COAL,685070,7386795,255,253,65535,1,229,0,319
3234738,STKR14-0001,BLACKWATER,COAL,684423,7384146,264,253,65535,1,229,0,319
3236436,STKR18-0001,BLACKWATER,COAL,683697,7381076,280,253,20,1,229,50,320
3238134,STKR20-0001,BLACKWATER,COAL,683156,7379977,275,253,65535,1,229,0,319
3239832,STKR22-0001,BLACKWATER,COAL,682885,7378795,288,253,10007,1,229,0,319
3241530,STKR24-RJCT,BLACKWATER,COAL,683161,7377156,321,253,65535,1,229,0,319
3243228,STKR28-RJCT,BLACKWATER,COAL,684000,7376459,300,253,10000,1,229,0,319
3244926,STKR32-0001,BLACKWATER,COAL,683447,7374299,305,253,10055,1,229,0,319
3246624,STKR32-0002,BLACKWATER,COAL,683526,7374323,305,253,10058,1,229,0,319
3248322,STKR32-0003,BLACKWATER,COAL,683602,7374344,305,253,10060,1,229,0,319
3250020,STKR32-0004,BLACKWATER,COAL,683665,7374364,305,253,10061,1,229,0,319
3251718,STKR32-0005,BLACKWATER,COAL,683549,7374571,305,253,10062,1,229,0,319
3253416,STKR32-0006,BLACKWATER,COAL,683545,7374668,305,253,10014,1,229,0,319
3255114,STKR32-RJCT,BLACKWATER,COAL,684177,7374514,313,253,10043,1,229,0,319
3256812,STKR32-RJWT,BLACKWATER,COAL,683731,7374456,308,253,65535,1,229,0,319
3258510,STKR36-0001,BLACKWATER,COAL,684623,7371970,325,253,65535,1,229,0,319
3260208,STKR38-0001,BLACKWATER,COAL,685171,7370782,297,253,65535,1,229,0,319
3261906,STKR40-0001,BLACKWATER,COAL,686243,7370019,300,253,65535,1,229,0,319
3263604,STKR42-0001,BLACKWATER,COAL,687487,7370944,284,253,65535,1,229,0,319
3265302,STKR48-0001,BLACKWATER,COAL,689718,7367349,300,253,65535,1,229,0,319
3267000,STKR50-0001,BLACKWATER,COAL,688929,7366429,310,253,10012,1,229,0,319
3268698,STKR52-0001,BLACKWATER,COAL,688562,7365618,327,253,65535,1,229,0,319
3270396,STKR52-0002,BLACKWATER,COAL,688515,7365478,327,253,65535,1,229,0,319
3272094,STKR54-0001,BLACKWATER,COAL,687847,7363725,353,253,10010,1,229,0,319
3273792,STKR54-0002,BLACKWATER,COAL,687785,7363564,353,253,65535,1,229,0,319
3275490,STKR54-0004,BLACKWATER,COAL,687614,7362129,410,253,22,1,229,37,321
3277188,STKR56-0001,BLACKWATER,COAL,687872,7360896,380,253,65535,1,229,0,319
3278886,STKR56-0003,BLACKWATER,COAL,688720,7360417,390,253,65535,1,229,0,319
3280584,STKR58-0001,BLACKWATER,COAL,688273,7359920,294,253,65535,1,229,0,319
3282282,STKR62-0001,BLACKWATER,COAL,687917,7358592,340,253,65535,1,229,0,319
3283980,STKROM-2EST,BLACKWATER,COAL,682726,7379281,285,253,10001,1,229,0,319
3285678,STKROM-2WST,BLACKWATER,COAL,682622,7379264,289,253,10003,1,229,0,319
3287376,STKTCP-RJCT,BLACKWATER,COAL,682548,7379490,280,253,24,1,229,50,320
3289074,STKTLO-RJCT,BLACKWATER,COAL,683038,7374306,304,253,65535,1,229,0,319
3290772,TCP-FILLPT,BLACKWATER,MAIN,682844,7379512,282,255,38,1,229,20,322
3292470,TCP-HR,BLACKWATER,MAIN,682880,7379498,282,257,65535,0,229,0,319
3294168,TCP-RD1,BLACKWATER,MAIN,682859,7379432,280,257,65535,0,229,0,319
3295866,TCP-RD2,BLACKWATER,COAL,682647,7379486,280,257,65535,0,229,0,319
3297564,TCP-RD3,BLACKWATER,COAL,682476,7379406,280,257,65535,0,229,0,319
3299262,TDU,NULL,NULL,0,0,0,258,65535,0,229,0,319
3300960,THE_DRY,TDU,DELTA4,719266,7360619,5330,255,65535,0,229,0,319
3302658,TIRE PAD,TDU,MAINTENANCE,723311,7372128,4780,255,65535,1,228,0,319
3304356,TOPSOIL_STOCK,TDU,LILYPAD,719044,7366695,5015,253,10066,0,229,0,319
3306054,TRUCK SHOP,TDU,MAINTENANCE,723661,7372165,4780,255,65535,1,226,0,319
3307752,TYREBAY,BLACKWATER,PRESTRIP,691105,7369831,285,255,65535,1,229,0,319
3309450,UPPER_FCW,TDU,DROID,713252,7354284,5660,251,10036,0,229,0,319
3311148,WASH BAY,TDU,MAINTENANCE,723173,7372002,4795,255,65535,1,229,0,319
3312846,WASHBAY,BLACKWATER,MAIN,690980,7369756,285,255,10045,1,229,0,319
3314544,WATERFILL-EAST,TDU,LILYPAD,722398,7361956,5186,255,65535,1,229,100,320
3316242,WATERFILL-WEST,TDU,MAINTENANCE,714562,7351198,5670,255,65535,1,230,100,323
3317940,WELDING SHOP,TDU,DROID,719620,7361123,5330,255,65535,0,226,10,320
3319638,WH1,BLACKWATER,MAIN,687483,7362170,410,257,65535,0,229,0,319
3321336,WH2,BLACKWATER,COAL,687820,7361939,390,257,65535,0,229,0,319
3323034,WH3,BLACKWATER,PRESTRIP,688156,7361763,371,257,65535,0,229,0,319
3324732,WH4,BLACKWATER,PRESTRIP,688368,7361777,365,257,65535,1,229,0,319
3326430,WH5,BLACKWATER,PRESTRIP,688751,7361742,339,257,65535,0,229,0,319
3328128,WH6,BLACKWATER,PRESTRIP,688936,7361765,351,257,65535,1,229,0,319
3329826,WHITEHILL,BLACKWATER,COAL,686907,7362203,400,257,65535,0,229,50,321
3331524,WHITEHILL-BAR,BLACKWATER,MAIN,690228,7361160,340,257,65535,0,229,0,319
3333222,WHITEHILL2,BLACKWATER,COAL,686996,7361468,398,257,65535,0,229,50,321
3334920,WS-ACCESS,BLACKWATER,COAL,690998,7369506,288,257,65535,0,229,0,319
3336618,WS-ACCESS-2,BLACKWATER,MAIN,691076,7369810,285,257,65535,0,229,0,319
3338316,WS-ACCESS-3,BLACKWATER,MAIN,691003,7369811,285,255,65535,0,229,0,319
3340014,WS-ACCESS1,BLACKWATER,MAIN,690880,7369320,291,257,65535,1,229,50,321
3341712,WS-BRAKETEST,BLACKWATER,MAIN,690394,7369166,292,257,65535,1,229,50,321
3343410,WS-CNTR,BLACKWATER,MAIN,691042,7369886,285,257,65535,0,229,0,319
3345108,WS100,TDU,MAINTENANCE,718661,7359080,5350,255,65535,1,229,100,322
3346806,WSHOP-DEDI,BLACKWATER,PRESTRIP,691177,7369164,280,255,65535,1,229,50,319
3348504,WSHOP-DLINE,BLACKWATER,MAIN,691041,7369813,285,255,10025,1,229,0,319
3350202,WSHOP-NEW,BLACKWATER,COAL,691162,7369637,285,255,10016,1,226,0,319
3351900,WSHOP-OLD,BLACKWATER,MAIN,691143,7369835,285,255,10005,1,226,0,319
3353598,ZONE_11,TDU,LILYPAD,721724,7366854,5120,251,65535,1,229,1,322
3355296,ZONE_12_C1,TDU,LILYPAD,722036,7367711,5115,251,10047,0,229,0,319
3356994,ZONE_12_C2,TDU,LILYPAD,722686,7368353,5090,251,65535,1,229,5,322
3358692,ZONE_12_C3,TDU,LILYPAD,723491,7368174,5090,251,10063,0,229,0,319
3360390,ZONE_13_C1,TDU,LILYPAD,723733,7368077,5080,251,65535,1,229,1,322
3362088,ZONE_14,TDU,LILYPAD,722862,7366743,5150,251,65535,1,229,10,321
3363786,ZONE_15,TDU,LILYPAD,723854,7366543,5020,251,65535,1,229,0,319
3365484,ZONE_16_C1,TDU,DROID,724457,7368138,5020,251,65535,1,229,5,322
3367182,ZONE_16_C2,TDU,LILYPAD,724741,7367823,5020,251,65535,1,229,10,322
3368880,ZONE_16_C3,TDU,LILYPAD,725374,7367323,5000,251,65535,1,229,0,322
3370578,ZONE_17_C1,TDU,LILYPAD,724099,7366411,5020,251,65535,1,229,0,319
3372276,ZONE_17_C2,TDU,DROID,725025,7366340,5020,251,10039,0,229,0,319
3373974,ZONE_17_C3,TDU,LILYPAD,725350,7366157,5000,251,65535,1,229,0,319
3375672,ZONE_18_C1,TDU,LILYPAD,723692,7364640,5045,251,65535,0,229,0,319
3377370,ZONE_18_C2,TDU,LILYPAD,724387,7365388,4990,251,65535,0,229,0,319
3379068,ZONE_6,TDU,LILYPAD,721451,7368882,5090,251,65535,1,229,10,320
11795664,TEST1,BLACKWATER,MAIN,687556,7357006,6,252,65535,0,227,0,319
41751896,DSP001,BLACKWATER,COAL,701699,7369875,-1500,257,65535,0,229,0,319
41857236,DSP002,BLACKWATER,COAL,704590,7370503,-1500,257,65535,0,229,0,319
