Id,FieldLocstart,FieldLocend,FieldDist,FieldTimeempty,FieldTimeloaded,FieldClosed
5761734,1974822,2030856,5151,893,1422,0
5761888,1976520,2018970,252,38,23,0
5762042,1978218,2501202,921,92,91,1
5762196,1978218,1979916,517,40,48,1
5762350,1978218,2499504,460,47,73,1
5762504,1979916,2927400,1252,106,115,1
5762658,1979916,1978218,517,46,42,1
5762812,1981614,2319516,692,59,63,0
5762966,1983312,3131160,2402,205,220,1
5763120,1983312,3144744,1373,107,153,1
5763274,1983312,3136254,1399,156,141,1
5763428,1985010,3151536,841,93,89,1
5763582,1985010,3158328,416,36,38,1
5763736,1990104,3341712,133,15,39,0
5763890,1991802,1996896,465,40,42,1
5764044,1993500,1996896,994,85,90,1
5764198,1995198,2475732,34,3,3,0
5764352,1996896,1998594,443,38,40,1
5764506,1996896,1991802,465,40,42,1
5764660,1996896,1993500,994,85,90,1
5764814,1998594,2764392,336,29,31,1
5764968,1998594,2808540,113,9,10,0
5765122,1998594,2757600,209,18,25,0
5765276,1998594,1996896,443,38,40,1
5765430,2001990,2010480,498,42,74,0
5765584,2001990,2278764,447,35,41,0
5765738,2001990,2219334,403,49,37,0
5765892,2001990,3316242,511,50,49,0
5766046,2001990,2221032,575,45,53,0
5766200,2003688,2024064,236,25,23,0
5766354,2003688,2005386,556,74,143,0
5766508,2005386,2007084,428,62,113,0
5766662,2005386,2003688,556,96,97,0
5766816,2007084,2008782,247,28,74,0
5766970,2007084,2005386,428,62,75,0
5767124,2008782,2012178,887,107,249,0
5767278,2008782,2007084,247,68,32,0
5767432,2010480,2001990,498,60,46,0
5767586,2010480,2020668,407,37,55,0
5767740,2012178,2013876,380,38,56,0
5767894,2012178,2008782,887,198,129,0
5768048,2013876,2012178,380,39,41,0
5768202,2013876,2015574,317,32,48,0
5768356,2015574,2013876,317,27,35,0
5768510,2015574,2017272,589,64,97,0
5768664,2017272,2015574,589,55,68,0
5768818,2017272,2018970,174,30,48,0
5768972,2018970,2017272,174,19,31,0
5769126,2018970,1976520,252,21,22,0
5769280,2018970,2234616,263,83,73,0
5769434,2020668,2010480,407,51,38,0
5769588,2020668,2022366,674,67,105,0
5769742,2020668,3316242,448,38,41,0
5769896,2022366,2020668,674,81,64,0
5770050,2022366,2024064,471,49,116,0
5770204,2024064,2025762,558,55,97,0
5770358,2024064,2003688,236,25,36,0
5770512,2024064,2480826,516,44,40,0
5770666,2024064,2022366,471,78,45,0
5770820,2025762,2024064,558,89,83,0
5770974,2025762,2027460,466,97,115,0
5771128,2027460,2025762,466,91,128,0
5771282,2027460,2029158,347,70,87,0
5771436,2029158,2027460,347,68,94,0
5771590,2029158,2030856,334,58,94,0
5771744,2030856,2029158,334,70,86,0
5771898,2030856,1974822,5151,893,2297,0
5772052,2032554,2181978,1152,98,108,0
5772206,2032554,2035950,906,80,73,0
5772360,2034252,2039346,844,72,77,0
5772514,2034252,3372276,328,34,52,0
5772668,2034252,3368880,968,83,88,0
5772822,2035950,2032554,906,71,83,0
5772976,2035950,2037648,653,67,79,0
5773130,2037648,2035950,653,56,61,0
5773284,2037648,2120850,505,43,63,0
5773438,2037648,2485920,667,99,61,0
5773592,2039346,2034252,844,72,77,0
5773746,2039346,2044440,369,37,55,0
5773900,2039346,3370578,241,28,69,0
5774054,2041044,2115756,490,79,46,0
5774208,2041044,2051232,459,48,89,0
5774362,2042742,2044440,774,66,70,0
5774516,2042742,3367182,854,73,78,0
5774670,2042742,3365484,776,67,70,0
5774824,2044440,2039346,369,36,40,0
5774978,2044440,2042742,774,66,70,0
5775132,2044440,3360390,1215,121,176,0
5775286,2046138,2251596,580,60,85,0
5775440,2046138,2068212,1019,212,106,0
5775594,2047836,2124246,657,67,93,0
5775748,2047836,2052930,1262,172,118,0
5775902,2047836,2049534,706,74,68,1
5776056,2049534,2052930,741,59,99,0
5776210,2049534,2081796,352,30,30,0
5776364,2049534,2051232,406,66,38,0
5776518,2049534,2105568,328,28,27,0
5776672,2049534,2047836,706,74,103,0
5776826,2051232,2041044,459,75,43,0
5776980,2051232,2049534,406,42,79,0
5777134,2052930,2054628,816,66,109,0
5777288,2052930,2049534,741,113,65,0
5777442,2052930,2047836,1262,121,116,1
5777596,2052930,3221154,608,51,56,0
5777750,2054628,2056326,496,38,67,0
5777904,2054628,2052930,816,81,71,0
5778058,2056326,2058024,495,38,67,0
5778212,2056326,2054628,496,48,44,0
5778366,2058024,2056326,495,48,44,0
5778520,2058024,2095380,812,81,122,0
5778674,2058024,2059722,582,49,79,0
5778828,2059722,2058024,582,54,51,0
5778982,2059722,3219456,398,31,54,0
5779136,2059722,2061420,530,42,48,0
5779290,2061420,2059722,530,45,41,0
5779444,2061420,2063118,669,56,62,0
5779598,2063118,2061420,669,53,61,0
5779752,2063118,2064816,596,51,54,0
5779906,2064816,2066514,644,51,59,0
5780060,2064816,2063118,596,51,54,0
5780214,2064816,3304356,477,37,44,0
5780368,2066514,2064816,644,54,60,0
5780522,2066514,2069910,612,48,56,0
5780676,2068212,2046138,1019,102,141,0
5780830,2068212,2100474,1085,216,109,0
5780984,2069910,2066514,612,52,50,0
5781138,2069910,2071608,395,31,36,0
5781292,2071608,2069910,395,33,35,0
5781446,2071608,2073306,551,47,50,0
5781600,2071608,2076702,681,57,63,0
5781754,2071608,2088588,212,19,18,0
5781908,2073306,2071608,551,47,50,0
5782062,2073306,2075004,484,42,44,0
5782216,2075004,2134434,435,34,40,0
5782370,2075004,2073306,484,42,44,0
5782524,2075004,2076702,1257,107,115,0
5782678,2076702,2071608,681,54,63,0
5782832,2076702,2078400,614,70,182,0
5782986,2076702,2075004,1257,103,115,0
5783140,2078400,2076702,614,163,81,0
5783294,2078400,2080098,551,55,82,0
5783448,2080098,2078400,551,52,60,0
5783602,2080098,3379068,574,48,53,0
5783756,2081796,2049534,352,28,32,0
5783910,2081796,2083494,1124,163,297,0
5784064,2083494,2081796,1124,162,196,0
5784218,2083494,2085192,448,38,41,0
5784372,2085192,2083494,448,38,41,0
5784526,2085192,2086890,822,71,75,0
5784680,2086890,2085192,822,71,75,0
5784834,2086890,3362088,508,44,46,0
5784988,2088588,2071608,212,17,20,0
5785142,2088588,2097078,430,62,113,0
5785296,2090286,2095380,680,187,89,0
5785450,2090286,2091984,250,20,23,0
5785604,2090286,2112360,945,77,87,0
5785758,2091984,2093682,266,37,46,0
5785912,2091984,2090286,250,21,19,0
5786066,2093682,2091984,266,39,71,0
5786220,2093682,2103870,300,26,27,0
5786374,2093682,2110662,426,37,39,0
5786528,2095380,2058024,812,74,88,0
5786682,2095380,2090286,680,77,204,0
5786836,2097078,2088588,430,63,75,0
5786990,2097078,2098776,125,13,20,0
5787144,2098776,2097078,125,13,12,0
5787298,2098776,2102172,592,85,156,0
5787452,2100474,2119152,648,129,65,0
5787606,2100474,2068212,1085,111,154,0
5787760,2102172,2098776,592,87,103,0
5787914,2102172,2491014,477,41,37,0
5788068,2103870,2093682,300,26,27,0
5788222,2105568,2049534,328,26,30,0
5788376,2105568,2107266,354,27,33,0
5788530,2107266,2105568,354,34,33,0
5788684,2107266,2108964,484,37,46,0
5788838,2107266,3375672,173,17,27,0
5788992,2108964,2107266,484,48,49,0
5789146,2108964,2114058,539,49,51,0
5789300,2110662,2093682,426,37,39,0
5789454,2110662,3358692,1109,95,101,0
5789608,2110662,3356994,791,68,72,0
5789762,2112360,2090286,945,80,87,0
5789916,2112360,3355296,441,38,40,0
5790070,2112360,3353598,549,46,51,0
5790224,2114058,2108964,539,56,72,0
5790378,2114058,2117454,461,48,70,0
5790532,2115756,2041044,490,51,93,0
5790686,2115756,2120850,498,72,45,0
5790840,2115756,3377370,668,57,61,0
5790994,2117454,2114058,461,49,45,0
5791148,2117454,3363786,528,45,48,0
5791302,2117454,3373974,1597,124,147,0
5791456,2119152,2100474,648,66,91,0
5791610,2119152,2122548,1082,216,109,0
5791764,2119152,3314544,698,59,65,1
5791918,2120850,2115756,498,43,55,0
5792072,2120850,2037648,505,70,46,0
5792226,2122548,2124246,606,128,64,0
5792380,2122548,2119152,1082,110,153,0
5792534,2122548,3314544,580,92,157,0
5792688,2124246,2047836,657,129,66,0
5792842,2124246,2122548,606,60,84,0
5792996,2125944,2251596,302,26,25,0
5793150,2125944,2399322,410,35,37,0
5793304,2125944,2127642,5336,458,485,0
5793458,2127642,2125944,5336,458,485,0
5793612,2127642,2129340,274,24,25,0
5793766,2127642,2511390,420,36,38,0
5793920,2129340,2127642,274,24,25,0
5794074,2129340,2131038,263,23,24,0
5794228,2129340,3300960,433,37,39,0
5794382,2131038,2129340,263,23,24,0
5794536,2131038,2132736,263,23,24,0
5794690,2131038,2482524,451,39,41,0
5794844,2132736,2131038,263,23,24,0
5794998,2132736,3317940,471,40,43,0
5795152,2134434,2141226,363,29,33,0
5795306,2134434,2075004,435,37,36,0
5795614,2136132,2166696,611,102,167,1
5795768,2136132,2472336,340,33,33,1
5795922,2137830,2136132,269,33,62,0
5796076,2137830,2148018,508,59,89,0
5796230,2139528,2159904,239,25,23,0
5796384,2139528,2142924,608,103,167,0
5796538,2141226,2197260,562,56,60,0
5796692,2141226,2134434,363,31,34,0
5796846,2141226,2156508,312,27,28,0
5797000,2142924,2139528,608,70,107,0
5797154,2142924,2144622,403,69,111,1
5797308,2144622,2146320,606,103,167,1
5797462,2144622,2142924,403,45,71,0
5797616,2146320,2144622,606,69,106,0
5797924,2148018,2137830,508,85,139,0
5798078,2148018,2151414,326,50,57,0
5798386,2149716,2470638,355,30,32,0
5798540,2151414,2148018,326,46,85,0
5798694,2151414,2153112,333,57,58,0
5798848,2153112,2465544,346,30,31,0
5799002,2153112,2151414,333,45,86,0
5799156,2154810,2161602,396,33,35,0
5799310,2154810,3192288,286,29,34,0
5799464,2154810,2484222,263,28,37,0
5799618,2156508,2141226,312,27,28,0
5799772,2156508,2158206,694,59,59,0
5799926,2158206,2156508,694,54,64,0
5800080,2158206,2159904,801,69,73,0
5800234,2159904,2161602,343,37,34,0
5800388,2159904,2158206,801,69,73,0
5800542,2159904,2139528,239,25,37,0
5800696,2161602,2163300,246,20,22,0
5800850,2161602,2159904,343,36,52,0
5801004,2161602,2154810,396,31,36,0
5801158,2163300,2164998,711,82,125,0
5801312,2163300,2161602,246,21,19,0
5801466,2164998,2163300,711,119,195,0
5801620,2164998,2166696,612,72,107,0
5801774,2166696,2164998,612,101,167,0
5801928,2166696,2136132,611,72,107,0
5802082,2168394,2214240,349,29,30,0
5802236,2168394,2170092,81,7,9,0
5802390,2168394,3222852,186,18,17,0
5802544,2168394,2514786,191,16,17,0
5802698,2168394,2496108,175,15,16,0
5802852,2170092,2168394,81,9,13,0
5803006,2170092,2171790,150,12,14,0
5803160,2171790,2170092,150,15,17,0
5803314,2171790,2173488,199,15,18,0
5803468,2173488,2171790,199,18,17,0
5803622,2173488,3311148,209,18,19,0
5803776,2173488,2175186,177,15,19,0
5803930,2175186,2176884,137,12,13,0
5804084,2175186,3302658,223,17,21,0
5804238,2175186,2173488,177,18,27,0
5804392,2176884,2175186,137,14,18,0
5804546,2176884,3306054,89,8,8,0
5804700,2178582,2200656,361,36,54,0
5804854,2178582,2504598,393,34,36,0
5805008,2180280,2214240,314,27,29,0
5805162,2180280,2185374,2087,189,174,0
5805316,2180280,3222852,153,13,14,0
5805470,2181978,2032554,1152,118,137,0
5805624,2181978,2183676,599,47,55,0
5805778,2183676,2181978,599,50,56,0
5805932,2183676,2198958,1125,88,103,0
5806086,2185374,2180280,2087,162,193,0
5806240,2185374,2187072,354,37,54,1
5806394,2185374,2204052,2016,204,214,0
5806548,2187072,2185374,354,37,34,0
5806702,2187072,2188770,638,55,58,1
5806856,2188770,2187072,638,55,58,0
5807010,2188770,2190468,1236,96,114,1
5807164,2190468,2188770,1236,104,110,0
5807318,2190468,2192166,1271,105,116,1
5807472,2192166,2190468,1271,108,117,0
5807626,2192166,2193864,758,107,199,1
5807780,2193864,2195562,343,29,29,0
5807934,2193864,2202354,221,19,20,1
5808088,2193864,2192166,758,115,132,0
5808242,2195562,2193864,343,27,31,0
5808396,2195562,2197260,447,45,68,0
5808550,2197260,2141226,562,56,83,0
5808704,2197260,2195562,447,40,49,0
5808858,2198958,2205750,1383,146,135,0
5809012,2198958,2183676,1125,95,98,0
5809166,2200656,2207448,94,8,9,0
5809320,2200656,2178582,361,33,39,0
5809474,2200656,2215938,631,54,57,0
5809628,2202354,2193864,221,19,20,0
5809782,2202354,2204052,1943,167,176,1
5809936,2204052,2202354,1943,167,176,0
5810090,2204052,2185374,2016,160,190,1
5810244,2205750,2198958,1383,144,211,0
5810398,2205750,2372154,1064,91,83,0
5810552,2205750,2215938,458,39,42,0
5810706,2207448,2209146,321,27,27,0
5810860,2207448,2200656,94,8,9,0
5811014,2209146,2207448,321,25,29,0
5811168,2209146,2210844,120,10,11,0
5811322,2210844,2209146,120,10,11,0
5811476,2210844,2212542,350,30,32,0
5811630,2212542,2210844,350,30,32,0
5811784,2212542,2214240,210,18,19,0
5811938,2212542,2361966,306,26,28,0
5812092,2214240,2212542,210,18,19,0
5812246,2214240,2180280,314,27,29,0
5812400,2214240,2168394,349,27,32,0
5812554,2215938,2200656,631,54,57,0
5812708,2215938,2205750,458,39,42,0
5812862,2215938,2506296,443,38,40,0
5813016,2215938,2479128,698,60,63,0
5813170,2217636,2268576,591,140,71,0
5813324,2217636,2219334,329,33,52,0
5813478,2219334,2001990,403,34,58,0
5813632,2219334,2217636,329,40,31,0
5813786,2221032,2001990,575,48,49,0
5813940,2221032,2516484,276,21,26,0
5814094,2222730,2304234,171,25,19,0
5814248,2222730,2236314,805,120,211,0
5814402,2224428,2238012,706,144,124,0
5814556,2224428,2239710,640,81,161,0
5814710,2226126,2227824,461,80,121,0
5814864,2226126,2248200,236,36,21,0
5815018,2227824,2229522,721,116,186,0
5815172,2227824,2226126,461,92,81,0
5815326,2229522,2231220,900,117,223,0
5815480,2229522,2227824,721,158,126,0
5815634,2231220,2232918,479,41,41,0
5815788,2231220,2229522,900,293,152,0
5815942,2232918,2234616,311,39,51,0
5816096,2232918,2231220,479,74,44,0
5816250,2234616,2018970,263,29,44,0
5816404,2234616,2232918,311,88,84,0
5816558,2234616,2489316,709,61,64,0
5816712,2236314,2222730,805,162,141,0
5816866,2236314,2238012,325,29,49,0
5817020,2238012,2236314,325,50,37,0
5817174,2238012,2224428,706,105,184,0
5817328,2239710,2241408,263,27,63,0
5817482,2239710,2224428,640,163,112,0
5817636,2241408,2239710,263,119,33,0
5817790,2241408,2243106,907,135,237,0
5817944,2243106,2241408,907,183,159,0
5818098,2243106,2244804,355,54,93,0
5818252,2244804,2243106,355,72,62,0
5818406,2244804,2246502,374,56,98,0
5818560,2246502,2244804,374,75,66,0
5818714,2246502,2248200,397,41,92,0
5818868,2248200,2246502,397,174,50,0
5819022,2248200,2226126,236,20,20,0
5819176,2248200,2384040,462,32,52,0
5819330,2249898,2254992,760,78,81,0
5819484,2249898,2463846,450,39,41,0
5819638,2251596,2270274,612,51,54,0
5819792,2251596,2125944,302,24,28,0
5819946,2251596,2046138,580,110,56,0
5820100,2253294,2254992,375,59,34,0
5820254,2253294,2307630,487,69,46,0
5820408,2253294,2312724,257,25,24,0
5820562,2254992,2249898,760,76,112,0
5820716,2254992,2253294,375,44,34,0
5820870,2254992,2256690,434,123,76,0
5821024,2254992,2312724,504,40,46,0
5821178,2256690,2258388,294,25,39,0
5821332,2256690,2283858,547,138,95,0
5821486,2256690,2280462,269,28,40,0
5821640,2256690,2254992,434,84,114,0
5821794,2258388,2256690,294,37,27,0
5821948,2258388,2260086,362,28,53,0
5822102,2260086,2258388,362,49,31,0
5822256,2260086,2261784,531,45,66,0
5822410,2261784,2263482,596,59,139,0
5822564,2261784,2260086,531,67,49,0
5822718,2263482,2261784,596,110,63,0
5822872,2263482,2265180,448,54,129,0
5823026,2265180,2263482,448,97,54,0
5823180,2265180,2266878,674,82,249,0
5823334,2266878,2265180,674,250,84,0
5823488,2266878,2268576,567,74,179,0
5823642,2268576,2266878,567,183,70,0
5823796,2268576,2271972,559,71,114,0
5823950,2268576,2217636,591,73,174,0
5824104,2270274,2251596,612,86,56,0
5824258,2270274,2295744,582,49,45,0
5824412,2270274,3345108,348,34,33,0
5824566,2271972,2273670,178,15,16,0
5824720,2271972,2268576,559,118,69,0
5824874,2273670,2271972,178,15,16,0
5825028,2273670,2275368,154,13,14,0
5825182,2273670,2278764,353,30,30,0
5825336,2275368,2273670,154,13,14,0
5825490,2275368,2494410,301,26,27,0
5825644,2277066,2278764,220,20,18,0
5825798,2277066,3197382,197,17,18,0
5825952,2278764,2273670,353,28,32,0
5826106,2278764,2001990,447,39,36,0
5826260,2278764,2277066,220,17,20,0
5826414,2280462,2256690,269,59,25,0
5826568,2280462,2282160,611,102,187,0
5826722,2282160,2280462,611,170,107,0
5826876,2282160,2288952,607,103,187,0
5827030,2283858,2256690,547,76,231,0
5827184,2283858,2285556,440,114,77,0
5827338,2285556,2283858,440,60,184,0
5827492,2285556,2287254,528,114,92,0
5827646,2287254,2285556,528,79,228,0
5827800,2287254,2292348,697,188,121,0
5827954,2288952,2290650,877,121,228,0
5828108,2288952,2282160,607,163,106,0
5828262,2288952,2360268,505,44,45,0
5828416,2290650,2288952,877,141,153,0
5828570,2290650,2294046,232,24,35,0
5828724,2290650,3309450,744,63,303,0
5828878,2292348,2287254,697,94,291,0
5829032,2292348,2297442,278,54,49,0
5829186,2294046,2467242,1440,124,131,0
5829340,2294046,2290650,232,24,109,0
5829494,2295744,2300838,662,56,52,0
5829648,2295744,2270274,582,83,53,0
5829802,2295744,3345108,389,33,35,1
5829956,2297442,2292348,278,45,121,0
5830110,2297442,2402718,566,58,69,0
5830264,2297442,2382342,253,25,24,0
5830418,2297442,2299140,450,130,76,0
5830572,2297442,2380644,497,35,45,0
5830726,2299140,2377248,307,41,28,0
5830880,2299140,2297442,450,52,189,0
5831034,2299140,2378946,379,60,34,0
5831188,2300838,2295744,662,93,61,0
5831342,2300838,2302536,391,39,54,0
5831496,2302536,2300838,391,77,42,0
5831650,2302536,2304234,683,58,62,0
5831804,2302536,2331402,1221,96,112,0
5831958,2304234,2302536,683,92,64,0
5832112,2304234,2305932,481,93,74,0
5832266,2304234,2222730,171,15,25,0
5832420,2305932,2304234,481,67,46,0
5832574,2305932,2307630,855,159,127,0
5832728,2307630,2253294,487,95,76,0
5832882,2307630,2305932,855,132,87,0
5833036,2307630,2401020,1290,111,117,0
5833190,2309328,2321214,638,130,79,0
5833344,2309328,2367060,623,53,57,0
5833498,2309328,2365362,449,39,41,0
5833652,2311026,2333100,595,50,55,0
5833806,2311026,3224550,419,34,38,0
5833960,2312724,2314422,540,81,94,0
5834114,2312724,2253294,257,27,38,0
5834268,2312724,2254992,504,37,39,0
5834422,2314422,2312724,540,67,142,0
5834576,2314422,2329704,508,59,89,0
5834730,2316120,2324610,565,49,51,0
5834884,2316120,2317818,554,48,50,0
5835038,2317818,2316120,554,48,50,0
5835192,2317818,2319516,704,60,64,0
5835346,2319516,2317818,704,60,64,0
5835500,2319516,1981614,692,59,63,0
5835654,2321214,2309328,638,83,125,0
5835808,2321214,2322912,696,128,86,0
5835962,2321214,2363664,250,28,76,0
5836116,2322912,2324610,419,31,38,0
5836270,2322912,2321214,696,88,144,0
5836424,2324610,2326308,393,31,34,0
5836578,2324610,2322912,419,36,38,0
5836732,2324610,2370456,204,18,19,0
5836886,2324610,2333100,462,35,37,0
5837040,2324610,2316120,565,49,51,0
5837194,2326308,2324610,393,30,37,0
5837348,2326308,2328006,438,34,36,0
5837502,2328006,2326308,438,34,40,0
5837656,2328006,2329704,645,57,65,0
5837810,2329704,2328006,645,50,61,0
5837964,2329704,2314422,508,74,139,0
5838118,2331402,2302536,1221,89,113,0
5838272,2331402,2333100,818,74,77,0
5838426,2333100,2331402,818,74,107,0
5838580,2333100,2311026,595,48,54,0
5838734,2333100,2324610,462,36,42,0
5838888,2334798,2635344,437,38,40,0
5839042,2336496,2696472,351,33,31,0
5839196,2338194,2786466,197,17,18,0
5839350,2338194,2789862,111,10,10,1
5839504,2339892,2767788,48,4,4,0
5839658,2341590,2820426,92,7,8,0
5839812,2343288,2903628,287,24,25,0
5839966,2344986,2915514,355,30,32,0
5840120,2346684,2973246,319,25,30,0
5840274,2348382,2993622,90,8,8,0
5840428,2348382,2991924,91,8,8,1
5840582,2350080,3047958,490,54,148,0
5840736,2351778,3003810,708,91,84,0
5840890,2353476,3126066,377,32,34,0
5841044,2355174,2358570,142,12,13,0
5841198,2355174,2356872,88,11,16,1
5841352,2356872,3292470,82,6,19,0
5841506,2356872,2358570,172,20,16,0
5841660,2356872,2355174,88,14,11,0
5841814,2358570,2662512,245,32,23,0
5841968,2358570,2355174,142,11,13,1
5842122,2358570,2356872,172,15,44,0
5842276,2360268,2288952,505,95,46,0
5842430,2361966,2212542,306,26,28,0
5842584,2363664,2321214,250,63,32,0
5842738,2365362,2309328,449,39,41,0
5842892,2367060,2309328,623,53,57,0
5843046,2370456,2324610,204,18,19,0
5843200,2372154,2205750,1064,84,97,0
5843354,2373852,2655720,53,5,5,1
5843508,2375550,2859480,99,9,9,1
5843662,2377248,2299140,307,26,45,0
5843816,2378946,2299140,379,29,33,0
5843970,2380644,2297442,497,43,38,0
5844124,2382342,2297442,253,27,39,0
5844278,2384040,2248200,462,86,73,0
5844432,2385738,2834010,264,23,24,1
5844586,2387436,2869668,307,26,28,1
5844740,2389134,2732130,499,43,45,1
5844894,2390832,3324732,466,40,42,1
5845048,2392530,2665908,328,28,30,1
5845202,2394228,3087012,900,77,82,1
5845356,2395926,2952870,1115,121,111,1
5845510,2399322,2125944,410,35,37,1
5845664,2401020,2307630,1290,111,117,0
5845818,2402718,2297442,566,49,53,0
5845972,2404416,2687982,590,87,64,0
5846126,2406114,2817030,181,21,52,0
5846280,2407812,2871366,111,19,19,0
5846434,2409510,2907024,293,23,27,0
5846588,2411208,2679492,267,31,28,0
5846742,2412906,2818728,891,69,82,0
5846896,2414604,2867970,419,33,39,0
5847050,2416302,2886648,246,21,23,0
5847204,2418000,3002112,501,51,58,0
5847358,2419698,3007206,224,25,39,0
5847512,2421396,2631948,464,37,44,0
5847666,2423094,2907024,167,15,16,0
5847820,2424792,2922306,109,19,30,0
5847974,2426490,3041166,234,22,22,0
5848128,2428188,2626854,608,48,56,0
5848282,2429886,2925702,272,42,47,0
5848436,2431584,2687982,365,31,34,0
5848590,2433282,2886648,244,21,19,0
5848744,2434980,2638740,274,24,25,0
5848898,2436678,2638740,411,35,37,0
5849052,2438376,2699868,402,47,42,0
5849206,2440074,2592894,613,52,56,0
5849360,2441772,2611572,443,66,54,0
5849514,2443470,2687982,275,31,29,0
5849668,2445168,2711754,112,10,10,0
5849822,2446866,2776278,137,15,15,0
5849976,2448564,2886648,309,39,83,0
5850130,2450262,2866272,177,15,16,0
5850284,2451960,2947776,274,24,25,0
5850438,2453658,2951172,196,25,23,0
5850592,2455356,2986830,159,17,26,0
5850746,2457054,3019092,210,18,20,0
5850900,2458752,3061542,108,9,10,0
5851054,2460450,3083616,121,10,11,0
5851208,2462148,2497806,116,10,11,1
5851362,2463846,2249898,450,39,41,0
5851516,2465544,2153112,346,30,31,0
5851670,2467242,2294046,1440,124,621,0
5851824,2470638,2149716,355,30,32,0
5851978,2472336,2136132,340,26,32,0
5852132,2474034,2760996,236,19,22,1
5852286,2474034,2475732,148,12,16,0
5852440,2475732,2474034,148,12,14,1
5852594,2475732,1995198,34,3,3,0
5852748,2475732,2760996,139,11,15,0
5852902,2477430,3343410,33,3,3,0
5853056,2479128,2215938,698,60,63,0
5853210,2480826,2024064,516,41,47,0
5853364,2482524,2131038,451,39,41,0
5853518,2484222,2154810,263,25,25,0
5853672,2485920,2037648,667,57,89,0
5853826,2489316,2234616,709,61,64,0
5853980,2491014,2102172,477,38,44,0
5854134,2494410,2275368,301,26,27,0
5854288,2496108,2168394,175,15,16,0
5854442,2497806,2462148,116,10,11,1
5854596,2497806,2499504,288,25,26,1
5854750,2499504,1978218,460,38,52,1
5854904,2499504,2497806,288,25,26,1
5855058,2499504,2956266,1054,81,98,1
5855212,2501202,2502900,135,12,12,1
5855366,2501202,1978218,921,70,87,1
5855520,2501202,2956266,1124,87,104,1
5855674,2502900,2501202,135,12,12,1
5855828,2502900,2964756,1276,101,117,1
5855982,2504598,2178582,393,34,36,0
5856136,2506296,2215938,443,38,40,0
5856290,2511390,2127642,420,36,38,0
5856444,2514786,2168394,191,16,17,0
5856598,2516484,2221032,276,26,24,0
5856752,2530068,2531766,614,53,312,0
5856906,2530068,2541954,729,352,66,0
5857060,2530068,2543652,701,59,64,0
5857214,2531766,2533464,823,71,418,0
5857368,2531766,2530068,614,296,56,0
5857522,2531766,2569122,479,41,44,0
5857676,2531766,2564028,676,58,61,0
5857830,2533464,2535162,810,70,412,0
5857984,2533464,2531766,823,396,75,0
5858138,2533464,2570820,688,59,62,0
5858292,2533464,2560632,418,36,38,0
5858446,2535162,2533464,810,391,74,0
5858600,2535162,2536860,1070,92,540,0
5858754,2535162,2548746,977,84,613,0
5858908,2535162,2555538,724,62,66,0
5859062,2535162,2552142,750,64,68,0
5859216,2536860,2535162,1070,513,97,0
5859370,2536860,2538558,884,76,446,0
5859524,2536860,2550444,1314,113,771,0
5859678,2536860,2557236,1276,110,116,0
5859832,2538558,2536860,884,294,80,0
5859986,2538558,2540256,896,77,81,0
5860140,2538558,2572518,1117,96,563,0
5860294,2540256,2538558,896,78,81,0
5860448,2540256,2558934,1134,97,103,0
5860602,2540256,2565726,548,47,50,0
5860756,2541954,2547048,798,385,72,0
5860910,2541954,2530068,729,62,368,0
5861064,2541954,2562330,577,50,52,0
5861218,2543652,2530068,701,59,64,0
5861372,2543652,2545350,737,62,67,0
5861526,2543652,2567424,724,62,66,0
5861680,2545350,2543652,737,62,67,0
5861834,2547048,2541954,798,67,401,0
5861988,2548746,2535162,977,651,89,0
5862142,2550444,2536860,1314,631,442,0
5862296,2552142,2535162,750,64,68,0
5862450,2553840,2985132,56,5,5,0
5862604,2555538,2535162,724,62,66,0
5862758,2557236,2536860,1276,110,116,0
5862912,2558934,2540256,1134,97,103,0
5863066,2560632,2533464,418,36,38,0
5863220,2562330,2541954,577,59,52,0
5863374,2564028,2531766,676,58,61,0
5863528,2565726,2540256,548,47,50,0
5863682,2567424,2543652,724,106,66,0
5863836,2569122,2531766,479,41,44,0
5863990,2570820,2533464,688,78,62,0
5864144,2572518,2538558,1117,372,101,0
5864298,2574216,2584404,1079,93,98,0
5864452,2574216,2579310,864,279,93,0
5864606,2575914,2601384,2458,207,228,1
5864760,2575914,2577612,777,65,68,1
5864914,2577612,2575914,777,61,71,1
5865068,2577612,2591196,1026,83,94,1
5865222,2579310,2582706,624,218,76,0
5865376,2579310,2581008,758,58,70,0
5865530,2579310,2574216,864,86,129,0
5865684,2581008,2579310,758,70,65,0
5865838,2582706,2579310,624,54,59,0
5865992,2584404,2574216,1079,317,98,0
5866146,2584404,2589498,352,27,121,0
5866300,2584404,2592894,295,30,27,0
5866454,2586102,2594592,291,64,36,0
5866608,2586102,2592894,757,73,462,0
5866762,2587800,2589498,65,6,6,0
5866916,2589498,2584404,352,95,32,0
5867070,2589498,2587800,65,6,6,0
5867224,2589498,2591196,633,48,212,0
5867378,2591196,2577612,1026,87,95,1
5867532,2591196,2596290,793,59,267,0
5867686,2591196,2589498,633,177,58,0
5867840,2592894,2440074,613,52,56,0
5867994,2592894,2584404,295,24,92,0
5868148,2592894,3233040,225,23,23,0
5868302,2592894,2586102,757,98,87,0
5868456,2594592,2586102,291,33,198,0
5868610,2596290,2591196,793,218,73,0
5868764,2596290,2597988,650,142,60,0
5868918,2596290,2603082,614,43,334,0
5869072,2597988,2596290,650,55,316,0
5869226,2597988,2599686,381,84,35,0
5869380,2599686,2597988,381,32,197,0
5869534,2599686,2606478,206,50,19,0
5869688,2601384,2575914,2458,193,226,1
5869842,2601384,2618364,1081,91,100,1
5869996,2603082,3234738,89,8,7,0
5870150,2603082,2604780,1071,80,591,0
5870304,2603082,2596290,614,177,57,0
5870458,2604780,2603082,1071,296,98,0
5870612,2604780,2608176,1146,86,627,0
5870766,2606478,2599686,206,18,113,0
5870920,2608176,2609874,154,13,14,0
5871074,2608176,2604780,1146,320,105,0
5871228,2608176,2620062,426,33,107,0
5871382,2609874,2608176,154,44,38,0
5871536,2609874,2611572,224,17,21,0
5871690,2611572,2609874,224,65,52,0
5871844,2611572,2638740,434,56,82,0
5871998,2611572,2441772,443,55,81,0
5872152,2611572,2613270,696,153,102,0
5872306,2613270,2611572,696,286,531,0
5872460,2613270,2614968,326,50,57,0
5872614,2614968,2613270,326,157,233,0
5872768,2614968,2640438,590,46,54,0
5872922,2614968,2616666,297,61,37,0
5873076,2616666,2642136,568,57,84,0
5873230,2616666,2614968,297,129,162,0
5873384,2618364,2657418,901,71,83,1
5873538,2618364,2601384,1081,84,100,1
5873692,2620062,2643834,509,39,126,0
5873846,2620062,2608176,426,57,39,0
5874000,2621760,2642136,288,99,115,0
5874154,2623458,2633646,73,6,6,0
5874308,2625156,2638740,980,84,89,0
5874462,2625156,2631948,152,18,18,0
5874616,2626854,2428188,608,51,56,0
5874770,2626854,2637042,193,17,18,0
5874924,2626854,2628552,256,45,45,0
5875078,2628552,2630250,373,31,34,0
5875232,2628552,2626854,256,34,66,0
5875386,2628552,2633646,387,54,46,0
5875540,2630250,2635344,306,26,27,0
5875694,2630250,2628552,373,29,34,0
5875848,2631948,2421396,464,47,50,0
5876002,2631948,2637042,80,7,9,0
5876156,2631948,2625156,152,18,27,0
5876310,2633646,2628552,387,47,70,0
5876464,2633646,2623458,73,6,7,0
5876618,2635344,2630250,306,24,28,0
5876772,2635344,2334798,437,38,40,0
5876926,2637042,2631948,80,9,13,0
5877080,2637042,2626854,193,17,18,0
5877234,2638740,2611572,434,77,53,0
5877388,2638740,2436678,411,35,37,0
5877542,2638740,2625156,980,84,89,0
5877696,2638740,2434980,274,24,25,0
5877850,2640438,2614968,590,49,55,0
5878004,2642136,2621760,288,31,31,0
5878158,2642136,2616666,568,198,167,0
5878312,2643834,2659116,652,49,164,0
5878466,2643834,2620062,509,68,46,0
5878620,2643834,2645532,270,23,23,0
5878774,2645532,2643834,270,21,25,0
5878928,2645532,2647230,356,37,46,0
5879082,2645532,3236436,109,10,10,0
5879236,2647230,2645532,356,32,33,0
5879390,2647230,2648928,388,30,36,0
5879544,2648928,2650626,217,17,20,0
5879698,2648928,2647230,388,36,34,0
5879852,2650626,2652324,116,12,11,0
5880006,2650626,2648928,217,19,18,0
5880160,2652324,2650626,116,12,18,0
5880314,2652324,2654022,257,22,23,0
5880468,2654022,2655720,228,18,21,0
5880622,2654022,2652324,257,22,23,0
5880776,2655720,2654022,228,20,18,0
5880930,2655720,2373852,53,5,5,1
5881084,2655720,2660814,312,27,28,0
5881238,2657418,2669304,1687,143,155,1
5881392,2657418,2618364,901,76,83,1
5881546,2659116,2643834,652,80,60,0
5881700,2659116,2662512,669,50,167,0
5881854,2660814,2655720,312,27,28,0
5882008,2662512,2659116,669,88,61,0
5882162,2662512,2664210,292,31,45,0
5882316,2662512,2358570,245,17,63,0
5882470,2662512,3238134,121,10,11,0
5882624,2664210,2662512,292,30,35,0
5882778,2664210,2665908,1143,277,143,0
5882932,2665908,2664210,1143,136,342,0
5883086,2665908,2392530,328,28,30,1
5883240,2665908,2667606,343,37,34,0
5883394,2667606,2672700,702,60,64,0
5883548,2667606,2671002,75,6,7,0
5883702,2667606,2665908,343,36,65,0
5883856,2669304,2691378,1100,94,100,1
5884010,2669304,2657418,1687,138,154,1
5884164,2671002,2667606,75,6,7,0
5884318,2672700,2667606,702,60,80,0
5884472,2674398,2689680,1094,84,101,0
5884626,2676096,3212664,199,15,18,0
5884780,2676096,2693076,410,31,104,0
5884934,2676096,3204174,222,26,21,0
5885088,2676096,2677794,285,24,32,0
5885242,2677794,2676096,285,37,26,0
5885396,2677794,3239832,58,5,5,0
5885550,2677794,2681190,353,46,87,0
5885704,2679492,2411208,267,27,39,0
5885858,2679492,2686284,166,46,21,0
5886012,2681190,2682888,342,29,39,0
5886166,2681190,2677794,353,110,44,0
5886320,2682888,2684586,262,20,31,0
5886474,2682888,2681190,342,44,31,0
5886628,2684586,2682888,262,40,26,0
5886782,2684586,2686284,301,23,42,0
5886936,2686284,2687982,358,49,54,0
5887090,2686284,2679492,166,19,47,0
5887244,2686284,2684586,301,46,47,0
5887398,2687982,2431584,365,29,34,0
5887552,2687982,2686284,358,66,64,0
5887706,2687982,2689680,303,30,28,0
5887860,2687982,2404416,590,59,110,0
5888014,2687982,2443470,275,27,40,0
5888168,2687982,2701566,494,42,46,0
5888322,2689680,2694774,405,47,104,0
5888476,2689680,2674398,1094,92,102,0
5888630,2689680,2687982,303,32,46,0
5888784,2691378,2744016,2350,198,214,1
5888938,2691378,2669304,1100,94,100,1
5889092,2693076,2676096,410,51,38,0
5889246,2693076,2703264,474,35,118,0
5889400,2694774,2698170,201,17,18,0
5889554,2694774,2689680,405,104,51,0
5889708,2696472,2336496,351,27,33,0
5889862,2696472,2698170,420,33,38,0
5890016,2698170,2694774,201,17,18,0
5890170,2698170,2720244,223,17,21,0
5890324,2698170,2696472,420,36,34,0
5890478,2699868,2438376,402,40,58,0
5890632,2699868,2701566,434,109,54,0
5890786,2701566,2687982,494,39,45,0
5890940,2701566,2699868,434,51,108,0
5891094,2703264,2704962,1134,97,89,0
5891248,2703264,2706660,643,48,145,0
5891402,2703264,2693076,474,60,43,0
5891556,2704962,2703264,1134,90,104,0
5891710,2704962,3241530,357,33,31,0
5891864,2706660,2703264,643,77,59,0
5892018,2706660,2708358,676,50,170,0
5892172,2708358,2716848,693,62,173,0
5892326,2708358,2710056,587,59,60,0
5892480,2708358,2706660,676,80,62,0
5892634,2710056,2711754,498,34,56,0
5892788,2710056,2708358,587,61,86,0
5892942,2711754,2713452,419,42,43,0
5893096,2711754,2710056,498,51,78,0
5893250,2711754,2445168,112,10,10,0
5893404,2713452,2711754,419,43,62,0
5893558,2713452,2715150,428,39,52,0
5893712,2715150,2713452,428,38,40,0
5893866,2715150,2718546,454,34,41,0
5894020,2715150,2721942,226,20,18,0
5894174,2716848,2723640,726,64,181,0
5894328,2716848,2708358,693,92,63,0
5894482,2718546,2715150,454,40,41,0
5894636,2720244,2698170,223,21,20,0
5894790,2721942,2715150,226,18,21,0
5894944,2723640,2738922,104,9,22,0
5895098,2723640,2725338,467,37,43,0
5895252,2723640,2716848,726,95,66,0
5895406,2725338,2723640,467,39,43,0
5895560,2725338,2727036,514,44,40,0
5895714,2727036,2728734,477,73,83,0
5895868,2727036,2737224,584,50,53,0
5896022,2727036,2725338,514,41,47,0
5896176,2728734,2730432,493,39,46,0
5896330,2728734,2727036,477,67,125,0
5896484,2730432,2728734,493,50,53,0
5896638,2730432,2732130,288,27,27,0
5896792,2732130,2730432,288,30,41,0
5896946,2732130,2745714,89,8,8,0
5897100,2732130,2389134,499,43,45,1
5897254,2733828,2738922,29,2,3,0
5897408,2735526,2738922,407,54,31,0
5897562,2735526,2740620,581,49,145,0
5897716,2737224,2727036,584,49,53,0
5897870,2737224,3243228,708,56,65,0
5898024,2738922,2733828,29,2,3,0
5898178,2738922,2735526,407,33,101,0
5898332,2738922,2723640,104,12,10,0
5898486,2740620,2783070,271,24,68,0
5898640,2740620,2742318,2088,162,193,0
5898794,2740620,2769486,1202,101,111,1
5898948,2740620,2735526,581,75,53,0
5899102,2742318,2740620,2088,189,174,0
5899256,2744016,2691378,2350,201,214,1
5899410,2744016,2752506,1926,158,176,1
5899564,2745714,2732130,89,8,8,0
5899718,2747412,2781372,161,12,20,0
5899872,2747412,2776278,167,17,21,0
5900026,2749110,2750808,970,81,88,0
5900180,2749110,2764392,248,21,23,1
5900334,2749110,2754204,1197,96,110,1
5900488,2749110,2769486,744,68,62,1
5900642,2750808,2749110,970,83,89,0
5900796,2752506,2754204,1266,107,117,1
5900950,2752506,2744016,1926,164,177,1
5901104,2752506,2835708,2045,173,188,1
5901258,2754204,2749110,1197,101,111,1
5901412,2754204,2752506,1266,102,116,1
5901566,2755902,2757600,55,5,5,0
5901720,2757600,2762694,237,21,29,0
5901874,2757600,2755902,55,5,5,0
5902028,2757600,1998594,209,18,19,0
5902182,2759298,2808540,72,8,15,0
5902336,2759298,2781372,82,8,15,0
5902490,2759298,2760996,395,34,31,0
5902644,2760996,2759298,395,31,42,0
5902798,2760996,2475732,139,12,12,1
5902952,2760996,2474034,236,20,22,0
5903106,2762694,2757600,237,20,22,0
5903260,2762694,2810238,440,39,45,0
5903414,2764392,2749110,248,21,23,1
5903568,2764392,1998594,336,29,31,1
5903722,2766090,2776278,209,18,25,0
5903876,2766090,2783070,203,17,18,0
5904030,2767788,2339892,48,4,4,0
5904184,2767788,2786466,43,4,4,0
5904338,2767788,2784768,312,27,28,1
5904492,2769486,2798352,106,9,10,0
5904646,2769486,2740620,1202,96,110,1
5904800,2769486,3255114,488,41,45,0
5904954,2769486,2749110,744,58,69,1
5905108,2771184,2772882,79,7,7,0
5905262,2771184,2779674,81,6,7,1
5905416,2771184,3216060,47,5,7,0
5905570,2772882,3214362,37,3,3,1
5905724,2772882,3195684,91,11,13,0
5905878,2772882,3216060,63,6,7,1
5906032,2772882,3217758,61,6,9,1
5906186,2772882,2771184,79,7,7,1
5906340,2772882,2774580,154,18,14,0
5906494,2774580,2772882,154,13,13,1
5906648,2774580,2783070,101,15,9,0
5906802,2774580,3289074,101,9,9,1
5906956,2774580,3195684,94,10,9,1
5907110,2776278,2777976,155,13,58,0
5907264,2776278,2747412,167,15,21,0
5907418,2776278,2766090,209,17,19,0
5907572,2776278,2446866,137,14,20,0
5907726,2777976,2781372,295,30,28,1
5907880,2777976,2779674,68,7,10,0
5908034,2777976,2776278,155,12,14,1
5908188,2777976,3217758,119,12,14,0
5908342,2777976,3214362,145,13,13,0
5908496,2779674,2771184,81,7,7,0
5908650,2779674,2777976,68,7,7,1
5908804,2779674,3216060,53,5,8,0
5908958,2781372,2759298,82,7,12,0
5909112,2781372,2777976,295,31,54,0
5909266,2781372,2747412,161,16,16,0
5909420,2783070,2774580,101,11,15,1
5909574,2783070,2784768,203,19,47,0
5909728,2783070,2766090,203,17,24,0
5909882,2783070,2740620,271,35,25,0
5910036,2784768,2783070,203,21,25,0
5910190,2784768,2800050,43,4,15,0
5910344,2784768,2788164,70,6,16,0
5910498,2784768,2767788,312,27,28,0
5910652,2786466,2767788,43,4,4,1
5910806,2786466,3244926,183,16,17,1
5910960,2786466,2338194,197,17,18,1
5911114,2786466,2789862,78,7,7,0
5911268,2788164,2784768,70,8,8,0
5911422,2788164,2791560,52,4,14,0
5911576,2788164,3244926,159,14,14,0
5911730,2789862,2793258,82,7,7,0
5911884,2789862,3246624,186,16,17,1
5912038,2789862,2338194,111,10,10,0
5912192,2789862,2786466,78,7,7,1
5912346,2791560,3246624,160,14,41,0
5912500,2791560,2788164,52,5,7,0
5912654,2791560,2794956,88,8,8,0
5912808,2793258,3248322,183,16,17,1
5912962,2793258,2789862,82,7,7,1
5913116,2793258,2796654,70,6,6,0
5913270,2794956,2791560,88,10,11,0
5913424,2794956,3248322,163,14,15,0
5913578,2794956,2806842,72,6,6,0
5913732,2796654,2798352,186,16,20,0
5913886,2796654,2793258,70,6,6,1
5914040,2796654,3250020,152,13,14,1
5914194,2798352,3256812,67,6,6,0
5914348,2798352,2806842,146,11,17,0
5914502,2798352,2769486,106,9,10,0
5914656,2798352,2796654,186,15,17,1
5914810,2800050,2784768,43,4,4,1
5914964,2800050,2803446,77,7,20,0
5915118,2800050,3251718,217,19,73,0
5915272,2801748,2806842,259,29,24,0
5915426,2801748,3251718,212,18,19,1
5915580,2801748,2805144,77,7,7,1
5915734,2803446,3253416,251,22,64,0
5915888,2803446,2800050,77,7,7,1
5916042,2805144,2801748,77,7,7,0
5916196,2805144,3253416,154,13,14,1
5916350,2806842,2794956,72,8,9,0
5916504,2806842,3250020,161,13,15,0
5916658,2806842,2801748,259,21,24,1
5916812,2806842,2798352,146,12,13,1
5916966,2808540,2759298,72,7,7,0
5917120,2808540,1998594,113,10,12,0
5917274,2810238,2762694,440,35,39,0
5917428,2810238,2811936,690,61,83,0
5917582,2811936,2810238,690,58,62,0
5917736,2811936,2813634,562,48,66,0
5917890,2813634,2815332,87,10,26,0
5918044,2813634,2811936,562,44,51,0
5918198,2813634,2823822,702,61,86,0
5918352,2815332,2813634,87,25,11,0
5918506,2815332,2817030,479,51,74,0
5918660,2817030,2815332,479,48,45,0
5918814,2817030,2406114,181,44,25,0
5918968,2817030,3258510,129,11,15,0
5919122,2818728,2820426,318,69,40,0
5919276,2818728,3258510,387,39,57,0
5919430,2818728,2412906,891,75,81,0
5919584,2820426,2822124,443,35,40,0
5919738,2820426,2341590,92,8,7,0
5919892,2820426,2818728,318,40,67,0
5920046,2822124,2820426,443,38,34,0
5920200,2822124,2825520,375,29,34,0
5920354,2823822,2827218,622,50,75,0
5920508,2823822,2813634,702,57,63,0
5920662,2825520,2840802,296,33,52,0
5920816,2825520,2822124,375,32,33,0
5920970,2827218,2837406,623,49,75,0
5921124,2827218,2828916,838,69,77,0
5921278,2827218,2823822,622,53,49,0
5921432,2828916,2827218,838,71,77,0
5921586,2828916,2830614,549,63,96,0
5921740,2828916,3260208,677,58,62,0
5921894,2830614,2834010,419,97,52,0
5922048,2830614,2832312,621,53,57,0
5922202,2830614,2828916,549,95,152,0
5922356,2832312,2839104,551,47,51,0
5922510,2832312,2830614,621,53,57,0
5922664,2834010,2830614,419,51,95,0
5922818,2834010,2385738,264,23,24,1
5922972,2834010,2844198,309,27,28,0
5923126,2834010,2842500,279,22,26,0
5923280,2835708,2752506,2045,166,187,1
5923434,2835708,2873064,1495,117,137,1
5923588,2837406,2847594,583,50,70,0
5923742,2837406,2827218,623,53,50,0
5923896,2839104,2832312,551,43,51,0
5924050,2840802,2825520,296,51,82,0
5924204,2842500,2834010,279,24,22,0
5924358,2844198,2834010,309,27,28,0
5924512,2845896,2859480,145,11,14,0
5924666,2847594,2861178,516,44,62,0
5924820,2847594,2837406,583,50,52,0
5924974,2847594,2849292,182,17,17,0
5925128,2849292,2850990,315,28,25,0
5925282,2849292,3261906,338,29,28,0
5925436,2849292,2847594,182,14,17,0
5925590,2850990,2852688,449,44,42,0
5925744,2850990,2849292,315,25,29,0
5925898,2852688,2850990,449,34,42,0
5926052,2852688,2854386,274,61,34,0
5926206,2854386,2856084,358,83,51,0
5926360,2854386,2852688,274,34,59,0
5926514,2856084,2857782,114,10,13,0
5926668,2856084,2854386,358,42,102,0
5926822,2857782,2856084,114,12,18,0
5926976,2857782,2859480,277,28,26,0
5927130,2859480,2845896,145,14,13,0
5927284,2859480,2375550,99,9,9,1
5927438,2859480,2857782,277,29,43,0
5927592,2861178,2862876,382,33,46,0
5927746,2861178,2874762,128,11,12,0
5927900,2861178,2847594,516,44,46,0
5928054,2862876,2864574,192,16,17,0
5928208,2862876,2881554,272,23,33,0
5928362,2862876,2861178,382,33,34,0
5928516,2864574,2862876,192,16,17,0
5928670,2864574,2866272,411,32,38,0
5928824,2866272,2864574,411,37,35,0
5928978,2866272,2450262,177,15,16,0
5929132,2866272,2867970,903,76,82,0
5929286,2867970,3263604,190,19,20,0
5929440,2867970,2876460,190,31,23,0
5929594,2867970,2869668,294,39,51,0
5929748,2867970,2866272,903,77,82,0
5929902,2867970,2414604,419,35,37,0
5930056,2869668,2871366,382,30,35,0
5930210,2869668,2387436,307,26,28,1
5930364,2869668,2867970,294,45,79,0
5930518,2871366,2407812,111,15,29,0
5930672,2871366,2869668,382,33,30,0
5930826,2871366,2879856,382,49,75,0
5930980,2873064,2835708,1495,126,130,1
5931134,2873064,2898534,1529,128,142,1
5931288,2874762,2861178,128,11,12,0
5931442,2876460,2867970,190,24,35,0
5931596,2878158,2883252,594,61,89,0
5931750,2879856,2903628,585,49,54,0
5931904,2879856,2871366,382,78,47,0
5932058,2881554,2900232,480,41,49,0
5932212,2881554,2884950,449,40,36,0
5932366,2881554,2862876,272,23,24,0
5932520,2883252,2890044,442,44,65,0
5932674,2883252,2878158,594,65,59,0
5932828,2884950,2886648,678,139,84,0
5932982,2884950,2881554,449,35,41,0
5933136,2886648,2884950,678,88,134,0
5933290,2886648,2416302,246,19,23,0
5933444,2886648,2448564,309,60,50,0
5933598,2886648,2433282,244,19,22,0
5933752,2886648,2890044,246,19,23,0
5933906,2888346,2891742,187,24,33,0
5934060,2888346,2890044,91,8,8,0
5934214,2888346,2920608,169,17,26,0
5934368,2890044,2888346,91,7,8,0
5934522,2890044,2886648,246,21,22,0
5934676,2890044,2883252,442,47,47,0
5934830,2891742,2888346,187,29,50,0
5934984,2891742,2893440,332,30,28,0
5935138,2893440,2891742,332,26,31,0
5935292,2893440,2895138,262,23,21,0
5935446,2895138,2896836,73,7,11,0
5935600,2895138,2893440,262,20,24,0
5935754,2895138,2935890,246,21,22,0
5935908,2895138,2903628,446,58,85,0
5936062,2896836,2932494,428,36,40,0
5936216,2896836,2895138,73,7,8,0
5936370,2896836,2934192,865,74,68,0
5936524,2898534,2873064,1529,119,141,1
5936678,2898534,2929098,754,64,66,1
5936832,2900232,2901930,520,44,62,0
5936986,2900232,2881554,480,38,43,0
5937140,2901930,2905326,478,41,58,0
5937294,2901930,2900232,520,44,46,0
5937448,2903628,2343288,287,22,26,0
5937602,2903628,2879856,585,45,54,0
5937756,2903628,2895138,446,84,55,0
5937910,2905326,2930796,398,33,46,0
5938064,2905326,2913816,894,165,110,0
5938218,2905326,2901930,478,40,43,0
5938372,2907024,2913816,391,88,57,0
5938526,2907024,2423094,167,17,21,0
5938680,2907024,2409510,293,26,24,0
5938834,2908722,2910420,480,106,60,0
5938988,2908722,2961360,65,9,17,0
5939142,2910420,2908722,480,60,104,0
5939296,2910420,2918910,731,55,69,0
5939450,2910420,2915514,476,48,71,0
5939604,2912118,2937588,174,19,27,0
5939758,2912118,2913816,734,58,67,0
5939912,2912118,2918910,528,43,48,0
5940066,2913816,2907024,391,47,110,0
5940220,2913816,2912118,734,63,57,0
5940374,2913816,2905326,894,116,169,0
5940528,2915514,2917212,364,31,33,0
5940682,2915514,2910420,476,45,51,0
5940836,2915514,2344986,355,30,32,0
5940990,2917212,2959662,54,4,5,0
5941144,2917212,2915514,364,31,33,0
5941298,2918910,2912118,528,45,48,0
5941452,2918910,2910420,731,71,69,0
5941606,2920608,2888346,169,13,19,0
5941760,2920608,2922306,157,27,43,0
5941914,2922306,2920608,157,17,28,0
5942068,2922306,2424792,109,12,19,0
5942222,2922306,2924004,294,51,81,0
5942376,2924004,2925702,190,16,15,0
5942530,2924004,2922306,294,33,52,0
5942684,2925702,2429886,272,38,71,0
5942838,2925702,2924004,190,15,17,0
5942992,2927400,2929098,394,33,35,1
5943146,2927400,1979916,1252,103,114,1
5943300,2929098,2898534,754,59,69,1
5943454,2929098,2927400,394,31,36,1
5943608,2930796,2905326,398,31,36,0
5943762,2930796,2963058,572,45,70,0
5943916,2932494,2896836,428,34,39,0
5944070,2934192,2896836,865,69,79,0
5944224,2935890,2895138,246,21,22,0
5944378,2937588,2912118,174,18,16,0
5944532,2939286,2964756,224,17,21,0
5944686,2939286,2957964,614,52,57,0
5944840,2939286,2940984,435,37,53,0
5944994,2940984,3265302,209,18,19,0
5945148,2940984,2939286,435,37,40,0
5945302,2940984,2947776,400,34,49,0
5945456,2942682,2971548,394,54,103,0
5945610,2942682,2944380,322,52,39,0
5945764,2944380,2946078,564,45,52,0
5945918,2944380,2973246,520,60,151,0
5946072,2944380,2942682,322,41,59,0
5946226,2946078,2944380,564,48,52,0
5946380,2946078,2968152,668,55,61,0
5946534,2947776,2949474,373,41,49,0
5946688,2947776,2974944,512,53,62,0
5946842,2947776,2451960,274,24,25,0
5946996,2947776,2940984,400,33,37,0
5947150,2949474,2951172,351,104,58,0
5947304,2949474,2947776,373,38,56,0
5947458,2951172,2949474,351,39,107,0
5947612,2951172,2453658,196,23,35,0
5947766,2951172,2952870,338,62,75,0
5947920,2952870,2951172,338,44,88,0
5948074,2952870,2395926,1115,115,168,1
5948228,2952870,2954568,262,29,34,0
5948382,2954568,2966454,811,70,98,0
5948536,2954568,2976642,145,15,17,0
5948690,2954568,2952870,262,27,39,0
5948844,2956266,2501202,1124,103,96,1
5948998,2956266,2499504,1054,99,94,1
5949152,2956266,2990226,3975,334,369,1
5949306,2957964,2993622,427,36,33,0
5949460,2957964,2939286,614,49,55,0
5949614,2959662,2961360,624,58,54,0
5949768,2959662,2917212,54,5,4,0
5949922,2959662,3341712,529,41,49,0
5950076,2961360,2959662,624,48,58,0
5950230,2961360,2908722,65,10,11,0
5950384,2961360,2963058,685,54,63,0
5950538,2963058,2964756,135,11,16,0
5950692,2963058,2961360,685,58,53,0
5950846,2963058,2930796,572,48,52,0
5951000,2964756,2963058,135,11,11,0
5951154,2964756,2939286,224,19,28,0
5951308,2964756,2502900,1276,108,103,1
5951462,2966454,2954568,811,70,74,0
5951616,2968152,2946078,668,57,61,0
5951770,2969850,2971548,381,87,55,0
5951924,2969850,2974944,416,59,73,0
5952078,2971548,2942682,394,63,69,0
5952232,2971548,2969850,381,45,108,0
5952386,2973246,2944380,520,128,72,0
5952540,2973246,2346684,319,29,27,0
5952694,2974944,2947776,512,44,48,0
5952848,2974944,2969850,416,61,110,0
5953002,2976642,2954568,145,12,14,0
5953156,2978340,3000414,442,46,43,0
5953310,2980038,2997018,291,50,80,0
5953464,2981736,2983434,218,17,20,0
5953618,2981736,2991924,113,10,10,0
5953772,2981736,2995320,534,45,49,0
5953926,2983434,2981736,218,18,20,0
5954080,2983434,2985132,302,26,27,0
5954234,2983434,3267000,44,4,4,0
5954388,2985132,2553840,56,5,5,0
5954542,2985132,2986830,553,47,44,0
5954696,2985132,2983434,302,26,27,0
5954850,2986830,2985132,553,44,51,0
5955004,2986830,2455356,159,15,18,0
5955158,2986830,2988528,538,70,106,0
5955312,2988528,3007206,761,81,74,0
5955466,2988528,2986830,538,110,67,0
5955620,2990226,2956266,3975,311,366,1
5955774,2990226,3020790,1197,96,110,1
5955928,2991924,2348382,91,8,8,0
5956082,2991924,2993622,106,9,10,0
5956236,2991924,2981736,113,10,10,0
5956390,2993622,2991924,106,9,10,0
5956544,2993622,2957964,427,34,38,0
5956698,2993622,2348382,90,8,8,1
5956852,2995320,3008904,384,32,35,0
5957006,2995320,3022488,59,6,7,0
5957160,2995320,2981736,534,42,48,0
5957314,2997018,2980038,291,32,51,0
5957468,2997018,3000414,184,15,17,0
5957622,2997018,3027582,420,35,39,0
5957776,2998716,3005508,341,34,50,0
5957930,2998716,3002112,375,59,101,0
5958084,2998716,3000414,375,30,34,0
5958238,3000414,2998716,375,32,31,0
5958392,3000414,2997018,184,16,17,0
5958546,3000414,2978340,442,46,68,0
5958700,3002112,2998716,375,48,66,0
5958854,3002112,2418000,501,56,84,0
5959008,3003810,2351778,708,84,126,0
5959162,3005508,2998716,341,35,37,0
5959316,3005508,3007206,613,61,92,0
5959470,3007206,2988528,761,79,116,0
5959624,3007206,2419698,224,39,62,0
5959778,3007206,3005508,613,56,67,0
5959932,3008904,2995320,384,30,34,0
5960086,3008904,3024186,816,69,67,0
5960240,3008904,3010602,119,10,11,0
5960394,3010602,3008904,119,10,11,0
5960548,3010602,3013998,191,19,28,0
5960702,3012300,3039468,373,31,32,0
5960856,3013998,3010602,191,20,20,0
5961010,3013998,3015696,332,34,50,0
5961164,3013998,3270396,115,9,11,0
5961318,3013998,3268698,136,11,13,0
5961472,3015696,3013998,332,36,33,0
5961626,3015696,3042864,1208,93,111,0
5961780,3015696,3017394,952,262,124,0
5961934,3017394,3015696,952,107,285,0
5962088,3017394,3019092,655,56,60,0
5962242,3019092,3017394,655,54,60,0
5962396,3019092,2457054,210,16,19,0
5962550,3019092,3025884,165,14,15,0
5962704,3019092,3029280,152,13,14,0
5962858,3020790,2990226,1197,101,110,1
5963012,3020790,3331524,2840,239,262,1
5963166,3022488,2995320,59,5,6,0
5963320,3024186,3008904,816,64,73,0
5963474,3024186,3049656,919,77,86,0
5963628,3025884,3019092,165,14,15,0
5963782,3027582,2997018,420,33,39,0
5963936,3029280,3019092,152,13,14,0
5964090,3030978,3056448,133,11,12,0
5964244,3032676,3056448,868,229,109,0
5964398,3034374,3047958,232,31,60,0
5964552,3034374,3044562,163,16,24,0
5964706,3036072,3037770,220,30,57,0
5964860,3036072,3041166,504,56,151,0
5965014,3036072,3046260,89,8,10,0
5965168,3037770,3036072,220,36,38,0
5965322,3037770,3039468,478,59,105,0
5965476,3039468,3012300,373,29,34,0
5965630,3039468,3037770,478,107,60,0
5965784,3041166,3042864,178,22,39,0
5965938,3041166,2426490,234,25,34,0
5966092,3041166,3036072,504,147,64,0
5966246,3042864,3041166,178,40,22,0
5966400,3042864,3015696,1208,101,112,0
5966554,3044562,3056448,335,79,42,0
5966708,3044562,3034374,163,19,17,0
5966862,3046260,3056448,253,23,27,0
5967016,3046260,3036072,89,9,13,0
5967170,3047958,2350080,490,144,62,0
5967324,3047958,3034374,232,39,40,0
5967478,3049656,3068334,1380,121,110,0
5967632,3049656,3024186,919,71,83,0
5967786,3049656,3051354,518,67,41,0
5967940,3051354,3049656,518,41,47,0
5968094,3051354,3273792,196,17,18,0
5968248,3051354,3058146,323,42,29,0
5968402,3051354,3272094,170,15,15,0
5968556,3053052,3071730,543,42,50,0
5968710,3053052,3054750,607,51,56,0
5968864,3054750,3053052,607,48,56,0
5969018,3054750,3076824,93,8,8,0
5969172,3054750,3328128,272,43,41,0
5969326,3056448,3030978,133,11,12,0
5969480,3056448,3044562,335,40,78,0
5969634,3056448,3046260,253,25,38,0
5969788,3056448,3032676,868,100,230,0
5969942,3058146,3051354,323,28,29,0
5970096,3058146,3273792,208,18,19,0
5970250,3058146,3059844,408,72,72,0
5970404,3058146,3272094,258,22,23,0
5970558,3059844,3061542,732,119,73,0
5970712,3059844,3058146,408,68,111,0
5970866,3061542,3063240,305,37,29,0
5971020,3061542,2458752,108,9,10,0
5971174,3061542,3059844,732,75,110,0
5971328,3063240,3064938,146,25,15,0
5971482,3063240,3061542,305,31,33,0
5971636,3064938,3073428,93,12,8,0
5971790,3064938,3066636,178,19,27,0
5971944,3064938,3063240,146,15,21,0
5972098,3066636,3075126,845,71,76,0
5972252,3066636,3064938,178,17,17,0
5972406,3068334,3049656,1380,163,124,0
5972560,3068334,3329826,795,82,97,0
5972714,3070032,3071730,117,12,11,0
5972868,3071730,3070032,117,12,18,0
5973022,3071730,3053052,543,46,50,0
5973176,3073428,3064938,93,8,8,0
5973330,3075126,3066636,845,66,78,0
5973484,3076824,3054750,93,12,8,0
5973638,3078522,3333222,894,94,109,0
5973792,3078522,3080220,412,37,35,0
5973946,3078522,3090408,731,56,68,0
5974100,3080220,3078522,412,32,30,0
5974254,3080220,3081918,554,62,65,0
5974408,3080220,3100596,97,10,14,0
5974562,3081918,3080220,554,63,76,0
5974716,3081918,3083616,601,52,66,0
5974870,3083616,3085314,467,81,81,0
5975024,3083616,2460450,121,10,11,0
5975178,3083616,3081918,601,60,73,0
5975332,3085314,3087012,278,31,28,0
5975486,3085314,3102294,175,14,16,0
5975640,3085314,3083616,467,62,96,0
5975794,3087012,3107388,105,9,10,0
5975948,3087012,3103992,634,54,58,0
5976102,3087012,3105690,722,62,66,0
5976256,3087012,2394228,900,77,82,1
5976410,3087012,3085314,278,28,33,0
5976564,3088710,3110784,34,3,3,0
5976718,3090408,3110784,326,34,52,0
5976872,3090408,3078522,731,70,66,0
5977026,3092106,3278886,123,11,10,0
5977180,3092106,3097200,111,11,10,0
5977334,3093804,3100596,512,50,48,0
5977488,3093804,3095502,325,25,30,0
5977642,3095502,3093804,325,27,30,0
5977796,3095502,3097200,263,21,24,1
5977950,3097200,3098898,260,20,24,0
5978104,3097200,3092106,111,8,10,0
5978258,3097200,3095502,263,22,24,1
5978412,3098898,3097200,260,22,23,0
5978566,3098898,3115878,557,136,70,0
5978720,3100596,3277188,117,12,18,0
5978874,3100596,3080220,97,11,10,0
5979028,3100596,3093804,512,54,76,0
5979182,3102294,3085314,175,16,14,0
5979336,3103992,3087012,634,54,46,0
5979490,3105690,3087012,722,62,66,0
5979644,3107388,3087012,105,9,10,0
5979798,3109086,3119274,319,27,26,0
5979952,3110784,3088710,34,3,3,0
5980106,3110784,3090408,326,28,37,0
5980260,3110784,3112482,530,42,48,0
5980414,3112482,3120972,293,23,27,0
5980568,3112482,3110784,530,45,41,0
5980722,3112482,3114180,1122,132,118,0
5980876,3114180,3112482,1122,112,162,0
5981030,3114180,3115878,909,91,138,0
5981184,3114180,3280584,77,7,7,0
5981338,3115878,3098898,557,66,135,0
5981492,3115878,3117576,434,58,52,0
5981646,3115878,3114180,909,81,99,0
5981800,3117576,3115878,434,52,78,0
5981954,3117576,3139650,789,62,73,0
5982108,3117576,3119274,251,20,23,0
5982262,3119274,3109086,319,25,29,0
5982416,3119274,3117576,251,23,21,0
5982570,3119274,3137952,163,12,15,0
5982724,3120972,3126066,393,31,36,0
5982878,3120972,3112482,293,25,25,0
5983032,3122670,3124368,752,61,71,0
5983186,3122670,3126066,91,8,8,0
5983340,3122670,3127764,519,45,47,0
5983494,3124368,3122670,752,76,83,0
5983648,3126066,3122670,91,8,8,0
5983802,3126066,3120972,393,33,33,0
5983956,3126066,2353476,377,32,34,0
5984110,3126066,3134556,871,67,80,0
5984264,3127764,3129462,1101,120,110,0
5984418,3127764,3282282,104,9,9,0
5984572,3127764,3122670,519,45,47,0
5984726,3129462,3127764,1101,113,165,0
5984880,3131160,3331524,3212,256,295,1
5985034,3131160,3165120,5458,431,502,1
5985188,3131160,1983312,2402,200,219,1
5985342,3132858,3134556,83,9,11,0
5985496,3134556,3136254,1317,102,124,0
5985650,3134556,3132858,83,7,8,0
5985804,3134556,3126066,871,73,81,0
5985958,3136254,3134556,1317,132,134,0
5986112,3136254,1983312,1399,143,208,1
5986266,3136254,3141348,856,73,78,0
5986420,3137952,3119274,163,16,16,0
5986574,3139650,3117576,789,66,73,0
5986728,3141348,3146442,327,28,30,0
5986882,3141348,3136254,856,72,78,0
5987036,3141348,3143046,1141,90,105,0
5987190,3143046,3141348,1141,97,93,0
5987344,3144744,1983312,1373,138,214,1
5987498,3144744,3151536,875,74,80,1
5987652,3146442,3141348,327,28,30,0
5987806,3146442,3148140,366,31,33,0
5987960,3148140,3149838,530,40,50,0
5988114,3148140,3153234,304,25,28,0
5988268,3148140,3146442,366,31,33,0
5988422,3149838,3148140,530,51,49,0
5988576,3151536,3144744,875,71,80,1
5988730,3151536,1985010,841,84,123,1
5988884,3153234,3148140,304,26,28,0
5989038,3153234,3154932,317,27,29,0
5989192,3154932,3153234,317,27,29,0
5989346,3154932,3160026,504,41,46,0
5989500,3154932,3156630,721,77,113,0
5989654,3156630,3154932,721,72,68,0
5989808,3158328,1985010,416,36,38,1
5989962,3158328,3165120,1224,105,111,1
5990116,3160026,3154932,504,43,46,0
5990270,3160026,3161724,531,45,48,0
5990424,3161724,3163422,457,35,43,0
5990578,3161724,3166818,912,78,83,0
5990732,3161724,3160026,531,45,48,0
5990886,3163422,3161724,457,46,46,0
5991040,3165120,3158328,1224,105,111,1
5991194,3165120,3131160,5458,459,505,1
5991502,3166818,3168516,1118,96,102,0
5991656,3166818,3161724,912,76,83,0
5991810,3168516,3229644,779,66,71,0
5991964,3168516,3170214,784,63,72,0
5992118,3168516,3166818,1118,95,102,0
5992272,3170214,3168516,784,66,72,0
5992426,3171912,3226248,1975,152,182,1
5992580,3171912,3165120,1351,114,125,0
5992734,3173610,3177006,931,79,85,0
5992888,3173610,3178704,602,50,56,0
5993042,3173610,3227946,1145,115,120,0
5993196,3175308,3177006,1038,88,86,0
5993350,3177006,3175308,1038,82,95,0
5993504,3177006,3173610,931,80,85,0
5993658,3178704,3173610,602,46,56,0
5993812,3178704,3180402,1298,104,119,0
5993966,3178704,3182100,2260,191,209,0
5994120,3180402,3178704,1298,110,120,0
5994274,3182100,3183798,1535,117,144,0
5994428,3182100,3185496,818,70,74,0
5994582,3182100,3178704,2260,181,207,0
5994736,3183798,3182100,1535,146,139,0
5994890,3185496,3182100,818,70,74,0
5995044,3185496,3187194,596,47,55,0
5995198,3185496,3188892,1492,127,136,0
5995352,3187194,3185496,596,50,49,0
5995506,3188892,3185496,1492,125,136,0
5995660,3188892,3190590,1496,116,141,0
5995814,3190590,3188892,1496,150,154,0
5995968,3192288,2154810,286,25,27,0
5996122,3193986,3297564,93,8,8,0
5996276,3193986,3295866,115,10,10,0
5996430,3195684,2772882,91,11,16,1
5996584,3195684,2774580,94,10,14,0
5996738,3197382,2277066,197,17,18,0
5996892,3199080,3334920,232,20,21,0
5997046,3200778,3209268,145,47,15,0
5997200,3200778,3210966,204,21,24,1
5997354,3202476,3294168,55,8,4,0
5997508,3202476,3204174,272,20,68,0
5997662,3202476,3205872,66,6,6,1
5997816,3204174,2676096,222,19,63,0
5997970,3204174,3202476,272,34,25,0
5998124,3204174,3212664,102,9,48,0
5998278,3205872,3202476,66,14,6,0
5998432,3205872,3207570,102,12,29,1
5998586,3205872,3283980,118,12,18,1
5998740,3207570,3209268,63,6,7,1
5998894,3207570,3205872,102,78,13,0
5999048,3207570,3285678,159,13,15,1
5999202,3209268,3200778,145,15,21,1
5999356,3209268,3207570,63,14,6,0
5999510,3210966,3212664,76,6,7,1
5999664,3210966,3200778,204,23,203,0
5999818,3210966,3285678,127,13,19,0
5999972,3212664,3210966,76,7,42,0
6000126,3212664,3204174,102,8,9,1
6000280,3212664,2676096,199,18,17,1
6000434,3212664,3283980,176,15,14,0
6000588,3214362,2777976,145,12,13,1
6000742,3214362,2772882,37,6,4,0
6000896,3216060,2771184,47,5,5,0
6001050,3216060,2779674,53,5,6,1
6001204,3216060,2772882,63,5,6,0
6001358,3217758,2777976,119,10,13,1
6001512,3217758,2772882,61,7,6,0
6001666,3219456,2059722,398,43,32,0
6001820,3221154,2052930,608,48,56,0
6001974,3222852,2168394,186,14,17,0
6002128,3222852,2180280,153,13,14,0
6002282,3224550,2311026,419,36,39,0
6002436,3226248,3231342,509,43,46,1
6002590,3226248,3171912,1975,165,183,1
6002744,3227946,3231342,700,60,64,0
6002898,3227946,3173610,1145,90,108,0
6003052,3229644,3168516,779,67,71,0
6003206,3229644,3231342,875,75,79,0
6003360,3231342,3229644,875,75,79,0
6003514,3231342,3226248,509,43,46,1
6003668,3231342,3227946,700,60,64,0
6003822,3233040,2592894,225,17,21,0
6003976,3234738,2603082,89,7,8,0
6004130,3236436,2645532,109,8,10,0
6004284,3238134,2662512,121,12,13,0
6004438,3239832,2677794,58,5,5,0
6004592,3241530,2704962,357,28,33,0
6004746,3243228,2737224,708,61,56,0
6004900,3244926,2788164,159,14,14,1
6005054,3244926,2786466,183,16,17,0
6005208,3246624,2789862,186,16,17,0
6005362,3246624,2791560,160,14,15,1
6005516,3248322,2793258,183,16,17,0
6005670,3248322,2794956,163,14,15,1
6005824,3250020,2806842,161,14,15,1
6005978,3250020,2796654,152,13,18,0
6006132,3251718,2801748,212,23,19,0
6006286,3251718,2800050,217,19,20,1
6006440,3253416,2805144,154,13,14,0
6006594,3253416,2803446,251,22,23,1
6006748,3255114,2769486,488,38,45,0
6006902,3256812,2798352,67,6,6,0
6007056,3258510,2818728,387,42,41,0
6007210,3258510,2817030,129,14,21,0
6007364,3260208,2828916,677,56,62,0
6007518,3261906,2849292,338,26,31,0
6007672,3263604,2867970,190,15,18,0
6007826,3265302,2940984,209,18,19,0
6007980,3267000,2983434,44,4,4,0
6008134,3268698,3013998,136,12,11,0
6008288,3270396,3013998,115,11,10,0
6008442,3272094,3058146,258,22,23,0
6008596,3272094,3051354,170,15,15,0
6008750,3273792,3051354,196,17,18,0
6008904,3273792,3058146,208,18,19,0
6009058,3275490,3319638,146,13,13,0
6009212,3277188,3100596,117,12,11,0
6009366,3278886,3092106,123,10,11,0
6009520,3280584,3114180,77,7,7,0
6009674,3282282,3127764,104,9,9,0
6009828,3283980,3212664,176,14,16,1
6009982,3283980,3205872,118,12,11,0
6010136,3285678,3210966,127,13,12,1
6010290,3285678,3207570,159,13,15,0
6010444,3287376,3295866,99,9,9,0
6010598,3287376,3297564,111,10,10,0
6010752,3289074,2774580,101,9,9,1
6010906,3290772,3292470,38,3,3,0
6011060,3292470,2356872,82,11,7,0
6011214,3292470,3294168,69,4,16,0
6011368,3292470,3290772,38,3,3,0
6011522,3294168,3292470,69,11,7,0
6011676,3294168,3202476,55,4,14,0
6011830,3294168,3295866,218,19,20,0
6011984,3295866,3294168,218,19,20,0
6012138,3295866,3287376,99,9,9,0
6012292,3295866,3193986,115,10,10,0
6012446,3297564,3193986,93,8,8,0
6012600,3297564,3287376,111,10,10,0
6012754,3300960,2129340,433,37,39,0
6012908,3302658,2175186,223,20,18,0
6013062,3304356,2064816,477,40,44,0
6013216,3306054,2176884,89,8,8,0
6013370,3307752,3336618,39,3,4,0
6013524,3309450,2290650,744,58,68,0
6013678,3311148,2173488,209,18,19,0
6013832,3312846,3343410,170,15,15,0
6013986,3312846,3334920,253,21,23,1
6014140,3314544,2119152,698,55,64,0
6014294,3314544,2122548,580,73,102,1
6014448,3316242,2001990,511,38,48,0
6014602,3316242,2020668,448,38,41,0
6014756,3317940,2132736,471,40,43,0
6014910,3319638,3275490,146,13,13,0
6015064,3319638,3329826,621,73,56,0
6015218,3319638,3321336,412,47,43,0
6015372,3321336,3319638,412,61,59,0
6015526,3321336,3323034,381,45,40,0
6015680,3323034,3321336,381,57,54,0
6015834,3323034,3324732,228,17,21,0
6015988,3324732,3326430,390,52,47,0
6016142,3324732,2390832,466,40,42,1
6016296,3324732,3323034,228,31,20,0
6016450,3326430,3324732,390,70,69,0
6016604,3326430,3328128,187,21,32,0
6016758,3328128,3326430,187,30,22,0
6016912,3328128,3054750,272,28,26,0
6017066,3329826,3068334,795,103,73,0
6017220,3329826,3333222,743,62,68,0
6017374,3329826,3319638,621,53,51,0
6017528,3331524,3020790,2840,226,261,1
6017682,3331524,3131160,3212,271,297,1
6017836,3333222,3078522,894,93,86,0
6017990,3333222,3329826,743,63,54,0
6018144,3334920,3350202,239,19,22,0
6018298,3334920,3336618,317,25,29,1
6018452,3334920,3312846,253,20,23,0
6018606,3334920,3338316,306,24,28,0
6018760,3334920,3199080,232,20,21,0
6018914,3334920,3340014,225,19,20,0
6019068,3336618,3351900,95,8,9,0
6019222,3336618,3307752,39,3,4,0
6019376,3336618,3334920,317,27,29,0
6019530,3336618,3343410,86,7,8,1
6019684,3336618,3348504,36,3,3,1
6019838,3338316,3334920,306,26,28,1
6019992,3338316,3343410,100,9,9,0
6020146,3338316,3348504,38,3,3,0
6020300,3340014,3346806,405,31,38,0
6020454,3340014,3341712,524,45,48,0
6020608,3340014,3334920,225,18,21,0
6020762,3341712,2959662,529,44,49,0
6020916,3341712,1990104,133,33,18,0
6021070,3341712,3340014,524,44,48,0
6021224,3343410,2477430,33,3,3,0
6021378,3343410,3312846,170,15,15,1
6021532,3343410,3338316,100,9,9,1
6021686,3343410,3336618,86,7,8,0
6021840,3345108,2295744,389,33,35,0
6021994,3345108,2270274,348,26,33,1
6022148,3346806,3340014,405,38,37,0
6022302,3348504,3338316,38,3,3,1
6022456,3348504,3336618,36,3,3,0
6022610,3350202,3334920,239,20,21,0
6022764,3351900,3336618,95,8,9,0
6022918,3353598,2112360,549,43,51,0
6023072,3355296,2112360,441,38,40,0
6023226,3356994,2110662,791,68,72,0
6023380,3358692,2110662,1109,95,101,0
6023534,3358692,3360390,288,25,27,0
6023688,3360390,2044440,1215,142,127,0
6023842,3360390,3358692,288,30,34,0
6023996,3362088,2086890,508,44,46,0
6024150,3363786,2117454,528,45,48,0
6024304,3365484,2042742,776,67,70,0
6024458,3367182,2042742,854,73,78,0
6024612,3368880,2034252,968,83,88,0
6024766,3370578,2039346,241,58,33,0
6024920,3372276,2034252,328,27,37,0
6025074,3373974,2117454,1597,134,141,0
6025228,3375672,2107266,173,14,19,0
6025382,3377370,2115756,668,57,61,0
6025536,3379068,2080098,574,45,53,0
41777364,3165120,3171912,1351,107,124,0
41858944,41857236,41751896,2958,254,269,0
41896764,41751896,41857236,2958,254,269,0
41899964,2136132,2137830,269,63,34,1
